Year,Month,Max (�C),Min (�C),Ave
1831,1,9.2,5.6,7.4
1831,2,12.5,10.6,11.55
1831,3,10.3,9.7,10
1831,4,,3.9,3.9
1831,5,14.4,3.3,8.85
1831,6,20.0,13.3,16.65
1831,7,17.2,15.0,16.1
1831,8,18.3,11.1,14.7
1831,9,16.7,8.3,12.5
1831,10,11.9,7.2,9.55
1831,11,11.7,,11.7
1831,12,9.7,,9.7
1832,1,7.5,3.3,5.4
1832,2,7.8,1.1,4.45
1832,3,8.9,5.6,7.25
1832,4,13.9,5.6,9.75
1832,5,,7.8,7.8
1832,6,,10.0,10
1832,7,20.6,13.3,16.95
1832,8,14.4,10.0,12.2
1832,9,15.6,10.0,12.8
1832,10,,10.0,10
1832,11,8.3,2.8,5.55
1832,12,8.1,4.4,6.25
1833,1,6.7,2.8,4.75
1833,2,6.4,1.1,3.75
1833,3,8.3,2.8,5.55
1833,4,13.3,7.8,10.55
1833,5,13.3,7.8,10.55
1833,6,13.3,12.8,13.05
1833,7,20.6,12.8,16.7
1833,8,20.8,13.3,17.05
1833,9,15.0,10.0,12.5
1833,10,15.0,,15
1833,11,12.8,,12.8
1833,12,7.2,,7.2
1834,1,10.6,,10.6
1834,2,9.4,,9.4
1834,3,11.4,,11.4
1834,4,13.9,,13.9
1834,5,19.4,,19.4
1834,6,,,#DIV/0!
1834,7,18.6,,18.6
1834,8,19.4,,19.4
1834,9,19.7,,19.7
1834,10,18.3,,18.3
1834,11,8.9,,8.9
1834,12,4.7,,4.7
1835,1,4.7,,4.7
1835,2,7.2,,7.2
1835,3,7.8,0.6,4.2
1835,4,7.5,2.8,5.15
1835,5,17.2,,17.2
1835,6,25.6,15.6,20.6
1835,7,18.3,,18.3
1835,8,23.3,18.3,20.8
1835,9,15.8,11.7,13.75
1835,10,13.6,6.1,9.85
1835,11,10.6,,10.6
1835,12,9.4,8.3,8.85
1836,1,5.6,,5.6
1836,2,8.9,1.7,5.3
1836,3,10.0,4.4,7.2
1836,4,,10.6,10.6
1836,5,17.5,9.4,13.45
1836,6,22.2,15.0,18.6
1836,7,15.3,13.3,14.3
1836,8,21.1,13.9,17.5
1836,9,14.2,5.6,9.9
1836,10,6.4,4.4,5.4
1836,11,11.7,7.2,9.45
1836,12,10.3,1.1,5.7
1837,1,11.9,6.9,9.4
1837,2,10.0,5.0,7.5
1837,3,8.3,2.8,5.55
1837,4,8.6,3.9,6.25
1837,5,16.7,10.6,13.65
1837,6,15.0,11.7,13.35
1837,7,21.4,14.4,17.9
1837,8,14.7,7.8,11.25
1837,9,16.1,9.2,12.65
1837,10,14.2,9.4,11.8
1837,11,7.5,4.4,5.95
1837,12,5.0,1.8,3.4
1838,1,1.7,-1.7,0
1838,2,6.7,3.9,5.3
1838,3,8.3,1.7,5
1838,4,6.8,2.2,4.5
1838,5,17.2,6.7,11.95
1838,6,14.4,12.2,13.3
1838,7,18.3,9.4,13.85
1838,8,18.9,11.8,15.35
1838,9,16.7,13.3,15
1838,10,8.3,2.2,5.25
1838,11,6.7,3.3,5
1838,12,6.7,1.7,4.2
1839,1,10.8,-0.6,5.1
1839,2,10.0,1.7,5.85
1839,3,5.0,1.7,3.35
1839,4,10.6,1.1,5.85
1839,5,15.8,4.4,10.1
1839,6,18.6,10.6,14.6
1839,7,18.3,10.6,14.45
1839,8,13.9,12.5,13.2
1839,9,13.9,9.4,11.65
1839,10,,8.3,8.3
1839,11,,3.9,3.9
1839,12,,3.9,3.9
1840,1,,6.4,6.4
1840,2,,-4.6,-4.6
1840,3,8.3,6.7,7.5
1840,4,16.4,10.3,13.35
1840,5,14.2,8.9,11.55
1840,6,16.1,9.7,12.9
1840,7,16.7,11.7,14.2
1840,8,16.4,12.5,14.45
1840,9,12.5,2.9,7.7
1840,10,15.6,-0.3,7.65
1840,11,10.0,5.6,7.8
1840,12,4.2,-0.3,1.95
1841,1,11.2,3.9,7.55
1841,2,6.4,1.7,4.05
1841,3,12.6,4.3,8.45
1841,4,14.5,6.4,10.45
1841,5,16.2,10.2,13.2
1841,6,18.9,8.8,13.85
1841,7,13.9,7.9,10.9
1841,8,15.9,8.8,12.35
1841,9,16.7,11.6,14.15
1841,10,13.4,6.6,10
1841,11,8.9,6.3,7.6
1841,12,7.8,6.6,7.2
1842,1,6.4,-0.1,3.15
1842,2,6.2,0.2,3.2
1842,3,7.2,1.4,4.3
1842,4,17.1,7.5,12.3
1842,5,12.2,7.5,9.85
1842,6,15.0,8.9,11.95
1842,7,21.1,6.9,14
1842,8,20.0,13.3,16.65
1842,9,16.4,12.2,14.3
1842,10,13.3,5.6,9.45
1842,11,9.7,4.4,7.05
1842,12,12.8,11.9,12.35
1843,1,9.7,3.3,6.5
1843,2,3.3,2.2,2.75
1843,3,13.9,7.2,10.55
1843,4,11.9,5.6,8.75
1843,5,,2.5,2.5
1843,6,15.0,11.1,13.05
1843,7,17.8,10.0,13.9
1843,8,22.5,10.6,16.55
1843,9,14.2,4.4,9.3
1843,10,19.4,11.9,15.65
1843,11,10.0,0.3,5.15
1843,12,10.2,4.4,7.3
1844,1,7.2,5.8,6.5
1844,2,7.2,0.8,4
1844,3,4.4,-3.1,0.65
1844,4,8.3,5.0,6.65
1844,5,10.0,1.7,5.85
1844,6,13.9,10.8,12.35
1844,7,18.3,7.5,12.9
1844,8,22.2,8.3,15.25
1844,9,15.3,4.4,9.85
1844,10,14.2,11.1,12.65
1844,11,14.4,3.6,9
1844,12,8.3,4.4,6.35
1845,1,6.1,4.2,5.15
1845,2,7.5,4.7,6.1
1845,3,4.4,-1.4,1.5
1845,4,10.4,4.4,7.4
1845,5,8.9,6.7,7.8
1845,6,17.4,9.4,13.4
1845,7,15.8,8.1,11.95
1845,8,14.7,10.8,12.75
1845,9,11.4,0.8,6.1
1845,10,11.9,3.6,7.75
1845,11,12.2,6.1,9.15
1845,12,10.8,10.0,10.4
1846,1,9.2,4.6,6.9
1846,2,7.8,2.5,5.15
1846,3,1.4,-2.8,-0.7
1846,4,8.9,0.6,4.75
1846,5,14.4,9.4,11.9
1846,6,25.8,13.3,19.55
1846,7,21.8,17.4,19.6
1846,8,17.5,12.2,14.85
1846,9,16.7,6.4,11.55
1846,10,11.4,5.0,8.2
1846,11,9.4,0.8,5.1
1846,12,9.4,3.6,6.5
1847,1,7.1,5.6,6.35
1847,2,-0.1,-5.0,-2.55
1847,3,6.9,0.0,3.45
1847,4,11.9,5.8,8.85
1847,5,13.3,8.3,10.8
1847,6,16.4,10.0,13.2
1847,7,20.3,17.2,18.75
1847,8,18.5,12.2,15.35
1847,9,20.7,12.8,16.75
1847,10,13.8,11.9,12.85
1847,11,13.5,5.6,9.55
1847,12,6.9,6.1,6.5
1848,1,2.4,0.0,1.2
1848,2,11.7,6.4,9.05
1848,3,6.9,1.1,4
1848,4,10.4,0.3,5.35
1848,5,14.9,10.2,12.55
1848,6,13.2,7.2,10.2
1848,7,22.2,10.8,16.5
1848,8,16.7,10.3,13.5
1848,9,15.4,8.9,12.15
1848,10,10.7,7.4,9.05
1848,11,8.1,5.6,6.85
1848,12,12.4,6.7,9.55
1849,1,,3.3,3.3
1849,2,8.2,6.8,7.5
1849,3,9.7,6.9,8.3
1849,4,7.5,2.4,4.95
1849,5,17.8,8.9,13.35
1849,6,19.1,8.3,13.7
1849,7,14.9,10.3,12.6
1849,8,18.9,13.5,16.2
1849,9,19.2,9.4,14.3
1849,10,16.7,12.2,14.45
1849,11,14.7,12.2,13.45
1849,12,1.7,-2.5,-0.4
1850,1,2.3,0.6,1.45
1850,2,9.1,5.6,7.35
1850,3,4.1,-4.6,-0.25
1850,4,13.4,5.1,9.25
1850,5,8.0,0.3,4.15
1850,6,16.1,7.2,11.65
1850,7,20.3,12.9,16.6
1850,8,20.1,8.8,14.45
1850,9,15.4,9.1,12.25
1850,10,10.9,8.4,9.65
1850,11,11.1,9.4,10.25
1850,12,13.3,8.1,10.7
1851,1,11.1,4.5,7.8
1851,2,6.3,1.2,3.75
1851,3,9.8,2.8,6.3
1851,4,14.6,7.4,11
1851,5,9.9,1.9,5.9
1851,6,23.3,12.9,18.1
1851,7,15.5,10.0,12.75
1851,8,22.4,16.6,19.5
1851,9,14.7,8.2,11.45
1851,10,10.4,4.4,7.4
1851,11,2.3,-1.7,0.3
1851,12,12.7,8.2,10.45
1852,1,6.7,4.7,5.7
1852,2,8.7,0.7,4.7
1852,3,7.6,4.4,6
1852,4,11.1,-1.4,4.85
1852,5,15.3,7.2,11.25
1852,6,14.8,11.9,13.35
1852,7,19.4,15.3,17.35
1852,8,16.7,9.7,13.2
1852,9,10.4,2.4,6.4
1852,10,11.7,8.9,10.3
1852,11,11.9,6.3,9.1
1852,12,13.1,6.8,9.95
1853,1,,,#DIV/0!
1853,2,,,#DIV/0!
1853,3,,,#DIV/0!
1853,4,,,#DIV/0!
1853,5,,,#DIV/0!
1853,6,,,#DIV/0!
1853,7,,,#DIV/0!
1853,8,,,#DIV/0!
1853,9,,,#DIV/0!
1853,10,,,#DIV/0!
1853,11,,,#DIV/0!
1853,12,,,#DIV/0!
1854,1,,,#DIV/0!
1854,2,,,#DIV/0!
1854,3,,,#DIV/0!
1854,4,,,#DIV/0!
1854,5,,,#DIV/0!
1854,6,,,#DIV/0!
1854,7,,,#DIV/0!
1854,8,,,#DIV/0!
1854,9,,,#DIV/0!
1854,10,,,#DIV/0!
1854,11,,,#DIV/0!
1854,12,,,#DIV/0!
1855,1,,,#DIV/0!
1855,2,0.3,-3.4,-1.55
1855,3,7.0,1.7,4.35
1855,4,13.1,4.2,8.65
1855,5,14.5,8.9,11.7
1855,6,13.9,7.4,10.65
1855,7,17.9,10.9,14.4
1855,8,17.9,7.4,12.65
1855,9,19.4,11.3,15.35
1855,10,12.8,7.3,10.05
1855,11,8.3,2.7,5.5
1855,12,8.6,4.9,6.75
1856,1,11.2,4.1,7.65
1856,2,7.1,2.4,4.75
1856,3,10.6,-0.5,5.05
1856,4,11.7,9.4,10.55
1856,5,11.8,5.2,8.5
1856,6,19.3,13.1,16.2
1856,7,23.2,12.3,17.75
1856,8,18.3,12.4,15.35
1856,9,17.5,12.2,14.85
1856,10,14.6,10.8,12.7
1856,11,8.7,3.2,5.95
1856,12,9.6,4.2,6.9
1857,1,7.6,1.5,4.55
1857,2,6.5,1.3,3.9
1857,3,9.8,0.2,5
1857,4,9.9,1.2,5.55
1857,5,11.3,1.3,6.3
1857,6,17.9,8.2,13.05
1857,7,21.5,14.3,17.9
1857,8,21.6,10.6,16.1
1857,9,17.9,5.1,11.5
1857,10,14.4,7.8,11.1
1857,11,14.0,7.4,10.7
1857,12,12.8,8.9,10.85
1858,1,11.1,7.6,9.35
1858,2,6.5,3.2,4.85
1858,3,10.2,1.2,5.7
1858,4,6.1,-1.8,2.15
1858,5,14.5,8.4,11.45
1858,6,18.9,12.7,15.8
1858,7,16.1,12.0,14.05
1858,8,17.1,9.9,13.5
1858,9,17.7,11.5,14.6
1858,10,11.5,7.2,9.35
1858,11,8.7,3.2,5.95
1858,12,9.2,3.1,6.15
1859,1,10.1,3.2,6.65
1859,2,9.8,1.7,5.75
1859,3,13.3,8.7,11
1859,4,16.6,9.9,13.25
1859,5,10.4,0.9,5.65
1859,6,18.8,11.8,15.3
1859,7,18.1,11.4,14.75
1859,8,17.1,8.0,12.55
1859,9,16.6,3.8,10.2
1859,10,20.3,15.4,17.85
1859,11,8.9,-0.1,4.4
1859,12,3.9,-1.1,1.4
1860,1,6.6,1.8,4.2
1860,2,9.0,4.2,6.6
1860,3,11.3,3.7,7.5
1860,4,11.1,3.8,7.45
1860,5,18.7,9.9,14.3
1860,6,13.3,6.5,9.9
1860,7,16.7,8.4,12.55
1860,8,17.6,9.1,13.35
1860,9,14.3,12.6,13.45
1860,10,12.5,9.4,10.95
1860,11,6.5,4.5,5.5
1860,12,7.4,1.6,4.5
1861,1,2.8,-2.1,0.35
1861,2,5.3,-1.5,1.9
1861,3,11.6,9.4,10.5
1861,4,14.8,8.8,11.8
1861,5,21.4,13.7,17.55
1861,6,18.4,8.6,13.5
1861,7,19.9,10.1,15
1861,8,21.2,14.3,17.75
1861,9,14.3,5.6,9.95
1861,10,16.6,0.9,8.75
1861,11,3.5,-4.4,-0.45
1861,12,7.6,-3.9,1.85
1862,1,8.6,2.7,5.65
1862,2,10.9,6.8,8.85
1862,3,4.4,-6.7,-1.15
1862,4,13.8,6.7,10.25
1862,5,19.1,10.9,15
1862,6,15.5,9.1,12.3
1862,7,21.3,7.2,14.25
1862,8,20.8,8.8,14.8
1862,9,18.6,3.9,11.25
1862,10,8.6,1.2,4.9
1862,11,7.8,-3.2,2.3
1862,12,9.4,5.2,7.3
1863,1,5.8,2.5,4.15
1863,2,8.2,3.3,5.75
1863,3,12.2,7.8,10
1863,4,11.9,2.5,7.2
1863,5,17.6,5.1,11.35
1863,6,18.5,6.5,12.5
1863,7,19.9,4.4,12.15
1863,8,18.3,10.7,14.5
1863,9,15.6,8.3,11.95
1863,10,16.3,8.9,12.6
1863,11,13.2,10.4,11.8
1863,12,6.9,0.6,3.75
1864,1,8.7,7.2,7.95
1864,2,2.2,-6.9,-2.35
1864,3,10.0,3.8,6.9
1864,4,15.6,0.0,7.8
1864,5,18.6,5.0,11.8
1864,6,18.5,3.2,10.85
1864,7,23.6,11.2,17.4
1864,8,26.5,12.1,19.3
1864,9,18.1,10.0,14.05
1864,10,14.8,3.6,9.2
1864,11,10.0,1.9,5.95
1864,12,3.1,-3.0,0.05
1865,1,4.2,-5.6,-0.7
1865,2,5.4,-3.3,1.05
1865,3,8.0,-2.7,2.65
1865,4,14.1,6.1,10.1
1865,5,15.9,4.4,10.15
1865,6,23.9,12.8,18.35
1865,7,22.7,11.7,17.2
1865,8,19.2,8.2,13.7
1865,9,20.9,2.8,11.85
1865,10,9.7,1.2,5.45
1865,11,6.0,2.2,4.1
1865,12,6.8,2.7,4.75
1866,1,9.4,0.6,5
1866,2,12.9,2.8,7.85
1866,3,6.0,-0.8,2.6
1866,4,14.7,6.7,10.7
1866,5,17.1,1.1,9.1
1866,6,18.7,10.2,14.45
1866,7,21.6,10.8,16.2
1866,8,18.8,9.3,14.05
1866,9,17.7,1.9,9.8
1866,10,18.8,5.3,12.05
1866,11,9.5,1.9,5.7
1866,12,13.1,7.0,10.05
1867,1,1.7,-3.7,-1
1867,2,13.3,4.5,8.9
1867,3,11.6,-4.3,3.65
1867,4,12.5,2.5,7.5
1867,5,12.3,1.0,6.65
1867,6,19.9,9.2,14.55
1867,7,22.7,13.0,17.85
1867,8,20.3,7.2,13.75
1867,9,19.2,10.3,14.75
1867,10,16.5,9.4,12.95
1867,11,7.6,0.7,4.15
1867,12,6.5,-0.1,3.2
1868,1,5.4,1.9,3.65
1868,2,14.5,8.0,11.25
1868,3,12.5,6.5,9.5
1868,4,9.6,-2.1,3.75
1868,5,19.3,7.6,13.45
1868,6,17.5,8.1,12.8
1868,7,19.8,9.8,14.8
1868,8,27.7,14.0,20.85
1868,9,16.6,3.6,10.1
1868,10,12.0,4.0,8
1868,11,6.5,1.4,3.95
1868,12,6.3,1.3,3.8
1869,1,12.3,5.3,8.8
1869,2,11.4,7.3,9.35
1869,3,6.7,-2.1,2.3
1869,4,15.7,4.4,10.05
1869,5,9.9,5.9,7.9
1869,6,14.4,3.1,8.75
1869,7,21.9,6.1,14
1869,8,29.0,11.4,20.2
1869,9,23.1,11.0,17.05
1869,10,21.9,13.2,17.55
1869,11,11.0,4.0,7.5
1869,12,6.9,0.8,3.85
1870,1,5.0,-1.4,1.8
1870,2,7.5,2.9,5.2
1870,3,7.2,-0.3,3.45
1870,4,17.1,2.5,9.8
1870,5,16.9,3.9,10.4
1870,6,25.5,9.4,17.45
1870,7,22.7,3.6,13.15
1870,8,25.8,9.3,17.55
1870,9,20.2,14.6,17.4
1870,10,11.2,-1.0,5.1
1870,11,8.1,-2.2,2.95
1870,12,7.2,-1.7,2.75
1871,1,7.2,-1.7,2.75
1871,2,15.0,5.3,10.15
1871,3,9.3,-2.8,3.25
1871,4,15.0,3.1,9.05
1871,5,21.1,6.1,13.6
1871,6,19.4,9.4,14.4
1871,7,20.8,9.4,15.1
1871,8,19.9,12.3,16.1
1871,9,14.4,2.8,8.6
1871,10,13.1,9.6,11.35
1871,11,9.4,1.7,5.55
1871,12,7.2,3.3,5.25
1872,1,5.6,-1.1,2.25
1872,2,9.3,1.9,5.6
1872,3,12.4,5.0,8.7
1872,4,14.6,2.1,8.35
1872,5,17.6,8.3,12.95
1872,6,16.3,10.2,13.25
1872,7,21.5,6.1,13.8
1872,8,23.6,8.6,16.1
1872,9,25.2,14.4,19.8
1872,10,13.6,-1.4,6.1
1872,11,12.9,3.3,8.1
1872,12,6.1,-5.0,0.55
1873,1,4.2,-0.6,1.8
1873,2,6.4,0.6,3.5
1873,3,8.6,0.8,4.7
1873,4,14.9,0.1,7.5
1873,5,16.1,1.9,9
1873,6,19.2,4.5,11.85
1873,7,27.2,12.8,20
1873,8,22.1,12.7,17.4
1873,9,20.8,8.9,14.85
1873,10,10.8,1.4,6.1
1873,11,12.5,9.8,11.15
1873,12,14.1,5.0,9.55
1874,1,8.6,2.4,5.5
1874,2,8.1,-5.3,1.4
1874,3,12.1,8.5,10.3
1874,4,12.8,0.6,6.7
1874,5,20.2,4.0,12.1
1874,6,19.4,12.3,15.85
1874,7,20.8,9.4,15.1
1874,8,23.6,8.1,15.85
1874,9,21.8,11.7,16.75
1874,10,13.9,10.0,11.95
1874,11,9.2,4.7,6.95
1874,12,5.5,0.3,2.9
1875,1,12.5,6.7,9.6
1875,2,8.3,-3.9,2.2
1875,3,9.0,6.7,7.85
1875,4,19.1,1.3,10.2
1875,5,21.7,7.7,14.7
1875,6,21.6,9.6,15.6
1875,7,22.2,10.6,16.4
1875,8,18.0,7.8,12.9
1875,9,16.2,10.8,13.5
1875,10,8.9,6.9,7.9
1875,11,8.6,2.2,5.4
1875,12,3.8,-4.9,-0.55
1876,1,11.9,5.8,8.85
1876,2,15.4,5.8,10.6
1876,3,10.6,1.1,5.85
1876,4,11.7,3.6,7.65
1876,5,15.6,1.1,8.35
1876,6,22.8,6.7,14.75
1876,7,24.6,12.9,18.75
1876,8,23.6,6.7,15.15
1876,9,17.5,7.3,12.4
1876,10,16.9,9.4,13.15
1876,11,8.9,-2.3,3.3
1876,12,9.9,3.8,6.85
1877,1,10.8,-1.7,4.55
1877,2,7.0,1.0,4
1877,3,12.3,4.0,8.15
1877,4,13.8,1.7,7.75
1877,5,12.5,0.7,6.6
1877,6,21.2,12.7,16.95
1877,7,21.2,13.0,17.1
1877,8,22.1,11.2,16.65
1877,9,17.9,6.1,12
1877,10,14.3,3.9,9.1
1877,11,11.2,3.7,7.45
1877,12,7.2,2.2,4.7
1878,1,8.3,3.4,5.85
1878,2,7.4,0.0,3.7
1878,3,12.2,3.4,7.8
1878,4,16.7,8.7,12.7
1878,5,19.2,5.4,12.3
1878,6,17.0,10.1,13.55
1878,7,21.2,7.9,14.55
1878,8,17.3,11.3,14.3
1878,9,18.4,6.5,12.45
1878,10,20.9,12.1,16.5
1878,11,8.4,-2.6,2.9
1878,12,-1.1,-4.7,-2.9
1879,1,3.7,-5.4,-0.85
1879,2,8.4,-1.9,3.25
1879,3,7.2,3.3,5.25
1879,4,12.1,4.7,8.4
1879,5,11.1,5.8,8.45
1879,6,19.7,10.3,15
1879,7,11.6,10.1,10.85
1879,8,16.6,10.3,13.45
1879,9,13.6,9.3,11.45
1879,10,9.8,7.8,8.8
1879,11,6.6,3.2,4.9
1879,12,5.9,-3.4,1.25
1880,1,9.8,-0.5,4.65
1880,2,9.3,1.3,5.3
1880,3,11.0,-0.4,5.3
1880,4,15.4,8.8,12.1
1880,5,22.5,7.3,14.9
1880,6,20.3,10.9,15.6
1880,7,16.6,11.7,14.15
1880,8,19.3,12.8,16.05
1880,9,17.4,6.2,11.8
1880,10,13.8,3.9,8.85
1880,11,4.9,-6.0,-0.55
1880,12,7.2,0.3,3.75
1881,1,-1.1,-10.4,-5.75
1881,2,5.9,-1.1,2.4
1881,3,4.8,0.4,2.6
1881,4,5.2,0.8,3
1881,5,17.5,-0.6,8.45
1881,6,18.1,9.1,13.6
1881,7,21.3,12.4,16.85
1881,8,18.5,6.7,12.6
1881,9,17.7,8.7,13.2
1881,10,8.4,0.0,4.2
1881,11,12.2,7.6,9.9
1881,12,11.1,3.6,7.35
1882,1,8.5,4.2,6.35
1882,2,10.1,2.3,6.2
1882,3,13.2,4.0,8.6
1882,4,10.5,4.4,7.45
1882,5,15.5,2.2,8.85
1882,6,16.3,2.0,9.15
1882,7,20.3,12.1,16.2
1882,8,18.3,12.4,15.35
1882,9,13.8,10.7,12.25
1882,10,14.4,5.5,9.95
1882,11,7.7,-2.6,2.55
1882,12,-1.7,-8.8,-5.25
1883,1,8.0,-0.3,3.85
1883,2,9.6,2.9,6.25
1883,3,3.4,0.1,1.75
1883,4,17.1,-2.3,7.4
1883,5,16.7,4.3,10.5
1883,6,19.9,13.2,16.55
1883,7,17.9,11.4,14.65
1883,8,17.3,12.2,14.75
1883,9,17.7,3.2,10.45
1883,10,10.1,3.0,6.55
1883,11,12.8,0.0,6.4
1883,12,8.9,4.4,6.65
1884,1,6.1,0.4,3.25
1884,2,6.4,2.3,4.35
1884,3,10.3,2.3,6.3
1884,4,10.3,2.4,6.35
1884,5,17.8,8.3,13.05
1884,6,15.6,4.4,10
1884,7,18.2,12.2,15.2
1884,8,15.4,10.8,13.1
1884,9,14.3,6.8,10.55
1884,10,14.1,10.5,12.3
1884,11,9.6,1.6,5.6
1884,12,8.7,-1.3,3.7
1885,1,4.8,1.6,3.2
1885,2,4.1,-6.3,-1.1
1885,3,8.8,2.7,5.75
1885,4,12.6,3.9,8.25
1885,5,14.8,2.7,8.75
1885,6,17.0,10.2,13.6
1885,7,17.7,7.7,12.7
1885,8,20.2,7.8,14
1885,9,17.6,10.1,13.85
1885,10,12.8,4.9,8.85
1885,11,15.0,1.4,8.2
1885,12,2.5,-4.3,-0.9
1886,1,2.1,-3.1,-0.5
1886,2,8.7,3.3,6
1886,3,3.8,-0.3,1.75
1886,4,10.4,1.5,5.95
1886,5,14.7,7.2,10.95
1886,6,10.0,8.2,9.1
1886,7,20.4,10.6,15.5
1886,8,20.4,7.2,13.8
1886,9,21.2,10.9,16.05
1886,10,11.0,7.7,9.35
1886,11,7.7,3.9,5.8
1886,12,6.7,0.6,3.65
1887,1,1.2,-1.0,0.1
1887,2,8.0,1.5,4.75
1887,3,10.3,2.2,6.25
1887,4,10.8,-2.9,3.95
1887,5,14.7,7.2,10.95
1887,6,19.8,9.2,14.5
1887,7,24.1,11.6,17.85
1887,8,17.6,5.4,11.5
1887,9,14.4,9.3,11.85
1887,10,9.2,-0.1,4.55
1887,11,8.8,-0.8,4
1887,12,2.3,0.4,1.35
1888,1,11.5,6.4,8.95
1888,2,2.1,0.6,1.35
1888,3,10.8,1.9,6.35
1888,4,7.7,3.6,5.65
1888,5,13.4,4.5,8.95
1888,6,9.9,3.8,6.85
1888,7,18.8,11.9,15.35
1888,8,17.6,8.1,12.85
1888,9,14.4,9.9,12.15
1888,10,15.1,-0.6,7.25
1888,11,13.7,2.9,8.3
1888,12,4.8,0.2,2.5
1889,1,7.2,0.5,3.85
1889,2,4.8,-0.1,2.35
1889,3,10.8,6.2,8.5
1889,4,9.3,4.8,7.05
1889,5,16.7,9.5,13.1
1889,6,18.9,7.5,13.2
1889,7,20.4,11.1,15.75
1889,8,21.0,12.9,16.95
1889,9,17.0,11.1,14.05
1889,10,12.3,3.3,7.8
1889,11,14.4,10.9,12.65
1889,12,12.0,4.5,8.25
1890,1,10.0,3.5,6.75
1890,2,8.4,4.3,6.35
1890,3,11.4,7.0,9.2
1890,4,8.1,5.1,6.6
1890,5,13.4,8.8,11.1
1890,6,17.5,10.1,13.8
1890,7,15.4,4.9,10.15
1890,8,16.9,5.4,11.15
1890,9,16.7,7.2,11.95
1890,10,16.7,0.2,8.45
1890,11,12.4,4.7,8.55
1890,12,4.9,-2.3,1.3
1891,1,6.5,3.7,5.1
1891,2,9.9,4.9,7.4
1891,3,6.4,-0.7,2.85
1891,4,9.9,1.1,5.5
1891,5,13.8,5.8,9.8
1891,6,17.6,11.2,14.4
1891,7,18.6,11.6,15.1
1891,8,17.0,8.5,12.75
1891,9,16.7,9.3,13
1891,10,14.2,7.4,10.8
1891,11,9.4,-2.1,3.65
1891,12,8.3,0.5,4.4
1892,1,10.4,4.5,7.45
1892,2,6.2,-0.6,2.8
1892,3,2.8,-1.1,0.85
1892,4,12.1,5.3,8.7
1892,5,9.2,4.1,6.65
1892,6,19.7,7.3,13.5
1892,7,16.1,7.8,11.95
1892,8,14.9,6.1,10.5
1892,9,17.1,7.3,12.2
1892,10,10.1,2.8,6.45
1892,11,13.4,6.2,9.8
1892,12,12.1,9.4,10.75
1893,1,12.9,8.0,10.45
1893,2,4.9,-1.0,1.95
1893,3,12.8,0.6,6.7
1893,4,14.0,8.5,11.25
1893,5,19.0,7.2,13.1
1893,6,17.4,3.9,10.65
1893,7,16.9,9.6,13.25
1893,8,19.9,13.8,16.85
1893,9,20.5,10.0,15.25
1893,10,13.2,2.3,7.75
1893,11,8.3,4.6,6.45
1893,12,7.3,-2.4,2.45
1894,1,2.0,-1.6,0.2
1894,2,10.6,-1.5,4.55
1894,3,11.6,-3.4,4.1
1894,4,17.7,6.1,11.9
1894,5,13.6,7.6,10.6
1894,6,13.2,7.1,10.15
1894,7,18.5,8.9,13.7
1894,8,18.6,8.3,13.45
1894,9,16.3,7.2,11.75
1894,10,12.9,7.6,10.25
1894,11,6.7,-2.9,1.9
1894,12,7.8,3.1,5.45
1895,1,0.9,-5.1,-2.1
1895,2,2.0,-10.2,-4.1
1895,3,12.4,3.8,8.1
1895,4,12.1,-0.5,5.8
1895,5,17.1,8.9,13
1895,6,24.3,12.1,18.2
1895,7,16.2,8.8,12.5
1895,8,16.8,7.5,12.15
1895,9,18.1,11.2,14.65
1895,10,7.2,-1.7,2.75
1895,11,11.4,5.6,8.5
1895,12,5.7,-2.7,1.5
1896,1,12.6,-0.5,6.05
1896,2,10.8,2.8,6.8
1896,3,15.1,6.6,10.85
1896,4,11.5,3.3,7.4
1896,5,15.3,6.1,10.7
1896,6,23.1,11.5,17.3
1896,7,22.1,13.9,18
1896,8,16.1,9.9,13
1896,9,15.4,10.5,12.95
1896,10,8.2,-1.7,3.25
1896,11,10.4,5.6,8
1896,12,4.3,-5.7,-0.7
1897,1,10.2,1.5,5.85
1897,2,10.8,4.1,7.45
1897,3,7.1,-1.1,3
1897,4,7.3,-2.1,2.6
1897,5,14.0,6.9,10.45
1897,6,21.0,7.2,14.1
1897,7,15.7,12.9,14.3
1897,8,16.6,9.9,13.25
1897,9,17.7,3.1,10.4
1897,10,15.0,8.7,11.85
1897,11,13.0,4.1,8.55
1897,12,8.1,4.1,6.1
1898,1,9.3,7.1,8.2
1898,2,6.3,-1.8,2.25
1898,3,6.4,-0.7,2.85
1898,4,14.0,-0.2,6.9
1898,5,13.2,9.1,11.15
1898,6,19.4,6.3,12.85
1898,7,20.1,11.4,15.75
1898,8,19.1,5.8,12.45
1898,9,14.7,5.3,10
1898,10,10.7,8.3,9.5
1898,11,16.1,11.1,13.6
1898,12,12.7,5.9,9.3
1899,1,5.1,1.7,3.4
1899,2,8.7,-1.1,3.8
1899,3,14.9,8.1,11.5
1899,4,10.7,4.0,7.35
1899,5,13.3,0.1,6.7
1899,6,20.6,9.7,15.15
1899,7,22.3,12.3,17.3
1899,8,21.8,12.9,17.35
1899,9,16.2,10.4,13.3
1899,10,16.0,7.2,11.6
1899,11,9.3,0.2,4.75
1899,12,6.3,2.7,4.5
1900,1,4.6,2.7,3.65
1900,2,4.7,0.0,2.35
1900,3,5.7,1.9,3.8
1900,4,10.8,1.7,6.25
1900,5,9.3,5.0,7.15
1900,6,16.3,9.5,12.9
1900,7,18.9,12.7,15.8
1900,8,14.4,8.9,11.65
1900,9,16.3,6.4,11.35
1900,10,12.8,2.0,7.4
1900,11,12.6,3.9,8.25
1900,12,10.9,6.5,8.7
1901,1,6.5,3.8,5.15
1901,2,6.8,-1.3,2.75
1901,3,8.0,-0.7,3.65
1901,4,10.0,3.3,6.65
1901,5,17.2,3.4,10.3
1901,6,16.9,9.1,13
1901,7,15.2,12.1,13.65
1901,8,16.7,7.8,12.25
1901,9,18.2,6.0,12.1
1901,10,12.4,6.0,9.2
1901,11,3.8,-3.4,0.2
1901,12,4.6,-1.5,1.55
1902,1,8.3,0.0,4.15
1902,2,5.3,-4.7,0.3
1902,3,10.1,5.5,7.8
1902,4,14.6,8.3,11.45
1902,5,13.7,2.6,8.15
1902,6,16.3,7.4,11.85
1902,7,20.1,12.2,16.15
1902,8,17.3,6.3,11.8
1902,9,18.8,3.0,10.9
1902,10,13.4,9.1,11.25
1902,11,13.2,4.4,8.8
1902,12,11.4,8.1,9.75
1903,1,9.8,1.8,5.8
1903,2,9.2,0.9,5.05
1903,3,9.3,0.3,4.8
1903,4,12.0,8.1,10.05
1903,5,9.8,4.0,6.9
1903,6,11.2,8.8,10
1903,7,19.6,11.9,15.75
1903,8,17.3,4.4,10.85
1903,9,15.3,4.3,9.8
1903,10,9.8,6.4,8.1
1903,11,11.0,5.7,8.35
1903,12,2.0,-0.2,0.9
1904,1,8.2,0.8,4.5
1904,2,5.8,0.4,3.1
1904,3,5.1,-0.5,2.3
1904,4,13.8,6.9,10.35
1904,5,14.7,8.2,11.45
1904,6,18.4,6.6,12.5
1904,7,20.9,13.8,17.35
1904,8,23.8,15.3,19.55
1904,9,18.9,13.8,16.35
1904,10,11.0,0.4,5.7
1904,11,12.7,9.1,10.9
1904,12,8.7,3.7,6.2
1905,1,9.4,-5.0,2.2
1905,2,5.2,-1.1,2.05
1905,3,7.8,1.0,4.4
1905,4,13.5,8.5,11
1905,5,18.9,4.3,11.6
1905,6,20.4,10.1,15.25
1905,7,23.2,13.0,18.1
1905,8,15.8,5.5,10.65
1905,9,18.3,12.3,15.3
1905,10,13.2,3.8,8.5
1905,11,8.8,2.4,5.6
1905,12,9.9,3.4,6.65
1906,1,9.8,0.3,5.05
1906,2,8.1,1.7,4.9
1906,3,11.0,1.0,6
1906,4,6.3,0.0,3.15
1906,5,13.8,5.5,9.65
1906,6,19.2,5.1,12.15
1906,7,21.7,13.8,17.75
1906,8,22.7,11.0,16.85
1906,9,19.2,13.8,16.5
1906,10,17.4,12.1,14.75
1906,11,15.0,6.2,10.6
1906,12,-2.1,-6.2,-4.15
1907,1,6.4,-0.1,3.15
1907,2,5.9,-1.2,2.35
1907,3,10.1,-1.1,4.5
1907,4,9.9,1.6,5.75
1907,5,16.2,8.6,12.4
1907,6,13.2,6.1,9.65
1907,7,17.7,2.7,10.2
1907,8,17.6,3.9,10.75
1907,9,20.0,10.5,15.25
1907,10,12.6,8.1,10.35
1907,11,11.2,4.4,7.8
1907,12,4.2,0.6,2.4
1908,1,11.7,7.1,9.4
1908,2,9.9,5.6,7.75
1908,3,8.1,-4.1,2
1908,4,7.9,1.8,4.85
1908,5,16.4,6.2,11.3
1908,6,13.9,4.2,9.05
1908,7,21.5,10.1,15.8
1908,8,18.2,11.6,14.9
1908,9,15.6,12.9,14.25
1908,10,17.7,8.7,13.2
1908,11,13.7,7.2,10.45
1908,12,9.8,0.4,5.1
1909,1,7.8,-0.4,3.7
1909,2,8.5,-3.5,2.5
1909,3,11.3,4.3,7.8
1909,4,14.7,8.0,11.35
1909,5,22.3,13.3,17.8
1909,6,15.1,6.3,10.7
1909,7,21.7,9.4,15.55
1909,8,15.8,7.4,11.6
1909,9,15.4,7.7,11.55
1909,10,17.8,10.3,14.05
1909,11,9.3,2.2,5.75
1909,12,-0.9,-5.0,-2.95
1910,1,5.9,2.6,4.25
1910,2,7.3,-1.8,2.75
1910,3,12.0,-2.7,4.65
1910,4,9.6,-0.7,4.45
1910,5,15.4,6.4,10.9
1910,6,15.2,8.0,11.6
1910,7,16.3,10.8,13.55
1910,8,17.9,13.4,15.65
1910,9,14.3,5.5,9.9
1910,10,11.0,6.7,8.85
1910,11,11.6,6.6,9.1
1910,12,8.1,-3.4,2.35
1911,1,12.7,8.3,10.5
1911,2,12.1,2.6,7.35
1911,3,9.3,0.5,4.9
1911,4,11.1,3.9,7.5
1911,5,17.8,11.1,14.45
1911,6,16.9,9.4,13.15
1911,7,23.1,15.5,19.3
1911,8,20.7,10.2,15.45
1911,9,21.5,13.5,17.5
1911,10,13.6,0.8,7.2
1911,11,10.6,6.4,8.5
1911,12,12.7,3.6,8.15
1912,1,10.6,7.2,8.9
1912,2,0.6,-8.3,-3.85
1912,3,10.0,2.2,6.1
1912,4,9.4,0.0,4.7
1912,5,13.9,6.1,10
1912,6,16.1,5.0,10.55
1912,7,18.3,6.1,12.2
1912,8,16.1,10.6,13.35
1912,9,15.0,7.2,11.1
1912,10,15.0,6.7,10.85
1912,11,8.3,-5.0,1.65
1912,12,13.3,10.6,11.95
1913,1,10.0,6.1,8.05
1913,2,7.8,-2.2,2.8
1913,3,13.3,4.4,8.85
1913,4,11.1,6.1,8.6
1913,5,14.4,1.7,8.05
1913,6,15.6,11.1,13.35
1913,7,17.8,10.6,14.2
1913,8,20.0,7.2,13.6
1913,9,17.2,8.9,13.05
1913,10,16.1,9.4,12.75
1913,11,12.8,2.2,7.5
1913,12,10.6,2.2,6.4
1914,1,8.9,3.3,6.1
1914,2,8.9,-3.3,2.8
1914,3,10.0,4.4,7.2
1914,4,13.3,0.0,6.65
1914,5,19.4,10.0,14.7
1914,6,17.2,8.3,12.75
1914,7,18.3,12.2,15.25
1914,8,18.3,10.0,14.15
1914,9,17.2,-0.6,8.3
1914,10,12.8,-1.1,5.85
1914,11,11.1,2.2,6.65
1914,12,8.9,0.0,4.45
1915,1,6.7,1.7,4.2
1915,2,7.8,-5.0,1.4
1915,3,11.7,2.2,6.95
1915,4,14.4,5.0,9.7
1915,5,12.2,4.4,8.3
1915,6,15.6,7.2,11.4
1915,7,18.3,10.0,14.15
1915,8,19.4,12.2,15.8
1915,9,20.0,12.8,16.4
1915,10,12.8,2.8,7.8
1915,11,6.7,-2.2,2.25
1915,12,7.8,3.3,5.55
1916,1,8.3,1.7,5
1916,2,8.3,1.1,4.7
1916,3,5.6,3.3,4.45
1916,4,11.7,1.1,6.4
1916,5,11.1,5.6,8.35
1916,6,14.4,8.3,11.35
1916,7,17.2,12.8,15
1916,8,21.1,14.4,17.75
1916,9,16.7,9.4,13.05
1916,10,16.7,7.2,11.95
1916,11,10.0,6.1,8.05
1916,12,6.7,-0.6,3.05
1917,1,11.1,9.4,10.25
1917,2,5.0,-4.4,0.3
1917,3,10.0,4.4,7.2
1917,4,14.4,6.1,10.25
1917,5,18.3,11.1,14.7
1917,6,17.2,6.1,11.65
1917,7,21.1,12.2,16.65
1917,8,20.0,10.0,15
1917,9,17.2,10.0,13.6
1917,10,12.2,1.7,6.95
1917,11,6.7,1.7,4.2
1917,12,7.2,1.1,4.15
1918,1,12.2,8.3,10.25
1918,2,12.2,6.7,9.45
1918,3,17.8,4.4,11.1
1918,4,10.6,-2.8,3.9
1918,5,15.0,2.8,8.9
1918,6,19.4,8.9,14.15
1918,7,22.8,5.0,13.9
1918,8,21.1,11.7,16.4
1918,9,15.6,7.2,11.4
1918,10,10.6,-2.2,4.2
1918,11,10.6,3.3,6.95
1918,12,15.0,8.9,11.95
1919,1,7.2,0.0,3.6
1919,2,3.3,1.1,2.2
1919,3,10.6,6.1,8.35
1919,4,11.7,5.6,8.65
1919,5,17.2,9.4,13.3
1919,6,19.4,3.3,11.35
1919,7,20.6,6.1,13.35
1919,8,21.7,13.3,17.5
1919,9,14.4,3.3,8.85
1919,10,10.6,3.3,6.95
1919,11,7.2,1.1,4.15
1919,12,5.0,0.0,2.5
1920,1,11.7,1.7,6.7
1920,2,10.0,5.6,7.8
1920,3,11.1,4.4,7.75
1920,4,11.7,2.2,6.95
1920,5,15.6,6.1,10.85
1920,6,17.2,11.1,14.15
1920,7,13.9,8.9,11.4
1920,8,16.7,8.9,12.8
1920,9,15.6,6.1,10.85
1920,10,12.8,-1.7,5.55
1920,11,9.4,-1.1,4.15
1920,12,4.4,0.0,2.2
1921,1,12.2,10.0,11.1
1921,2,6.1,2.8,4.45
1921,3,8.9,3.9,6.4
1921,4,10.6,3.3,6.95
1921,5,15.6,7.8,11.7
1921,6,17.2,8.3,12.75
1921,7,22.2,12.8,17.5
1921,8,16.7,7.2,11.95
1921,9,18.9,8.9,13.9
1921,10,8.9,-0.6,4.15
1921,11,8.3,-3.3,2.5
1921,12,11.1,1.1,6.1
1922,1,7.2,6.1,6.65
1922,2,10.0,1.7,5.85
1922,3,11.7,6.1,8.9
1922,4,5.6,-0.6,2.5
1922,5,15.0,4.4,9.7
1922,6,16.7,8.9,12.8
1922,7,17.8,9.4,13.6
1922,8,20.0,8.3,14.15
1922,9,13.9,3.3,8.6
1922,10,18.3,7.2,12.75
1922,11,11.7,6.1,8.9
1922,12,10.0,0.6,5.3
1923,1,13.9,7.8,10.85
1923,2,7.8,1.1,4.45
1923,3,9.4,4.4,6.9
1923,4,12.8,-0.6,6.1
1923,5,10.0,4.4,7.2
1923,6,20.0,11.1,15.55
1923,7,20.6,15.0,17.8
1923,8,20.0,11.7,15.85
1923,9,12.8,3.3,8.05
1923,10,11.7,5.6,8.65
1923,11,0.6,-2.8,-1.1
1923,12,11.1,3.3,7.2
1924,1,7.2,1.7,4.45
1924,2,7.2,-3.9,1.65
1924,3,10.6,-5.0,2.8
1924,4,7.2,-1.1,3.05
1924,5,15.6,-1.1,7.25
1924,6,12.8,9.4,11.1
1924,7,17.8,10.6,14.2
1924,8,17.2,9.4,13.3
1924,9,15.0,3.3,9.15
1924,10,14.4,1.7,8.05
1924,11,12.2,5.6,8.9
1924,12,10.0,5.0,7.5
1925,1,11.1,1.7,6.4
1925,2,7.2,-1.1,3.05
1925,3,8.9,0.6,4.75
1925,4,10.0,-2.2,3.9
1925,5,15.0,6.1,10.55
1925,6,16.1,8.9,12.5
1925,7,17.2,12.2,14.7
1925,8,18.9,11.7,15.3
1925,9,16.7,9.4,13.05
1925,10,15.6,6.7,11.15
1925,11,6.1,-2.2,1.95
1925,12,5.6,1.1,3.35
1926,1,7.8,2.2,5
1926,2,6.1,1.1,3.6
1926,3,10.0,1.1,5.55
1926,4,11.1,-1.1,5
1926,5,17.2,12.2,14.7
1926,6,18.3,3.3,10.8
1926,7,18.9,8.9,13.9
1926,8,21.7,6.1,13.9
1926,9,18.9,12.2,15.55
1926,10,9.4,1.7,5.55
1926,11,6.7,3.9,5.3
1926,12,9.4,6.7,8.05
1927,1,8.3,-0.6,3.85
1927,2,12.2,-3.3,4.45
1927,3,7.2,-1.7,2.75
1927,4,13.3,4.4,8.85
1927,5,14.4,5.6,10
1927,6,15.6,7.2,11.4
1927,7,18.3,11.7,15
1927,8,21.7,8.3,15
1927,9,15.0,2.8,8.9
1927,10,13.3,3.3,8.3
1927,11,11.1,3.3,7.2
1927,12,4.4,-4.4,0
1928,1,5.0,0.0,2.5
1928,2,11.7,5.6,8.65
1928,3,6.1,0.0,3.05
1928,4,13.3,8.9,11.1
1928,5,12.8,3.3,8.05
1928,6,17.8,10.0,13.9
1928,7,19.4,12.8,16.1
1928,8,18.3,8.3,13.3
1928,9,19.4,7.8,13.6
1928,10,13.3,7.8,10.55
1928,11,10.6,0.0,5.3
1928,12,7.2,4.4,5.8
1929,1,11.7,5.6,8.65
1929,2,0.6,-1.7,-0.55
1929,3,8.9,-2.2,3.35
1929,4,13.9,-2.2,5.85
1929,5,14.4,0.0,7.2
1929,6,17.8,10.0,13.9
1929,7,25.0,10.6,17.8
1929,8,17.2,13.3,15.25
1929,9,17.8,3.9,10.85
1929,10,8.9,1.7,5.3
1929,11,10.0,3.3,6.65
1929,12,7.8,-0.6,3.6
1930,1,8.9,-3.9,2.5
1930,2,4.4,-5.0,-0.3
1930,3,8.3,1.1,4.7
1930,4,10.6,7.2,8.9
1930,5,13.9,7.8,10.85
1930,6,22.8,6.1,14.45
1930,7,22.2,10.6,16.4
1930,8,20.6,13.9,17.25
1930,9,12.2,5.0,8.6
1930,10,9.4,4.4,6.9
1930,11,13.3,6.7,10
1930,12,6.1,-1.7,2.2
1931,1,3.9,-3.3,0.3
1931,2,6.1,-1.7,2.2
1931,3,11.1,1.7,6.4
1931,4,11.7,5.0,8.35
1931,5,15.0,8.9,11.95
1931,6,16.1,7.2,11.65
1931,7,17.2,12.2,14.7
1931,8,18.9,11.1,15
1931,9,13.9,7.8,10.85
1931,10,14.4,1.7,8.05
1931,11,15.0,11.1,13.05
1931,12,8.9,1.1,5
1932,1,8.3,6.1,7.2
1932,2,7.8,-1.1,3.35
1932,3,8.9,6.7,7.8
1932,4,9.4,3.9,6.65
1932,5,11.1,1.7,6.4
1932,6,20.0,14.4,17.2
1932,7,20.0,11.7,15.85
1932,8,23.3,14.4,18.85
1932,9,16.7,8.3,12.5
1932,10,13.9,7.2,10.55
1932,11,8.9,5.0,6.95
1932,12,6.7,4.4,5.55
1933,1,4.4,-3.3,0.55
1933,2,11.7,8.9,10.3
1933,3,10.0,0.6,5.3
1933,4,15.6,8.9,12.25
1933,5,15.0,8.9,11.95
1933,6,23.3,11.7,17.5
1933,7,21.1,11.7,16.4
1933,8,20.6,8.3,14.45
1933,9,20.0,13.9,16.95
1933,10,13.9,10.0,11.95
1933,11,10.6,2.8,6.7
1933,12,7.8,3.3,5.55
1934,1,10.6,3.3,6.95
1934,2,11.7,-3.3,4.2
1934,3,11.1,2.8,6.95
1934,4,10.6,6.1,8.35
1934,5,14.4,10.0,12.2
1934,6,18.3,11.1,14.7
1934,7,26.7,8.3,17.5
1934,8,18.3,12.8,15.55
1934,9,17.8,11.7,14.75
1934,10,11.7,3.3,7.5
1934,11,8.9,-1.1,3.9
1934,12,11.7,5.6,8.65
1935,1,5.0,-0.6,2.2
1935,2,11.7,9.4,10.55
1935,3,12.2,1.1,6.65
1935,4,10.0,1.7,5.85
1935,5,13.9,5.0,9.45
1935,6,17.2,7.8,12.5
1935,7,20.0,7.2,13.6
1935,8,15.0,5.6,10.3
1935,9,15.6,8.3,11.95
1935,10,12.2,6.7,9.45
1935,11,10.0,0.6,5.3
1935,12,8.9,5.6,7.25
1936,1,3.3,0.0,1.65
1936,2,7.2,4.4,5.8
1936,3,13.3,7.2,10.25
1936,4,7.8,3.3,5.55
1936,5,15.0,5.0,10
1936,6,21.1,13.3,17.2
1936,7,17.2,13.3,15.25
1936,8,17.2,13.3,15.25
1936,9,16.1,11.1,13.6
1936,10,13.9,7.8,10.85
1936,11,12.2,6.1,9.15
1936,12,10.6,2.8,6.7
1937,1,10.6,2.2,6.4
1937,2,11.1,3.9,7.5
1937,3,7.2,3.3,5.25
1937,4,17.8,7.2,12.5
1937,5,11.7,1.7,6.7
1937,6,15.0,7.2,11.1
1937,7,21.1,8.3,14.7
1937,8,21.7,8.9,15.3
1937,9,22.2,11.7,16.95
1937,10,12.8,6.7,9.75
1937,11,14.4,7.2,10.8
1937,12,7.2,5.0,6.1
1938,1,8.9,2.2,5.55
1938,2,9.4,5.6,7.5
1938,3,13.9,8.9,11.4
1938,4,10.6,-3.9,3.35
1938,5,18.9,7.8,13.35
1938,6,17.8,9.4,13.6
1938,7,17.2,8.3,12.75
1938,8,21.1,14.4,17.75
1938,9,16.7,10.6,13.65
1938,10,13.9,8.3,11.1
1938,11,16.7,12.8,14.75
1938,12,10.0,1.7,5.85
1939,1,10.6,6.1,8.35
1939,2,11.1,4.4,7.75
1939,3,6.7,1.7,4.2
1939,4,9.4,2.2,5.8
1939,5,21.1,5.6,13.35
1939,6,16.7,7.2,11.95
1939,7,15.6,9.4,12.5
1939,8,21.7,13.3,17.5
1939,9,23.9,15.6,19.75
1939,10,12.2,8.3,10.25
1939,11,12.2,1.1,6.65
1939,12,13.9,2.2,8.05
1940,1,-0.6,-11.1,-5.85
1940,2,9.4,2.2,5.8
1940,3,15.6,6.7,11.15
1940,4,12.8,0.6,6.7
1940,5,15.6,5.6,10.6
1940,6,23.3,11.1,17.2
1940,7,18.3,7.2,12.75
1940,8,21.7,15.0,18.35
1940,9,20.0,11.7,15.85
1940,10,12.2,5.0,8.6
1940,11,11.7,2.8,7.25
1940,12,10.6,2.2,6.4
1941,1,3.3,-3.3,0
1941,2,8.9,-1.1,3.9
1941,3,7.8,1.1,4.45
1941,4,7.2,2.8,5
1941,5,15.0,6.1,10.55
1941,6,24.4,12.8,18.6
1941,7,17.2,11.1,14.15
1941,8,16.7,7.8,12.25
1941,9,22.8,11.1,16.95
1941,10,17.2,8.3,12.75
1941,11,8.9,4.4,6.65
1941,12,8.9,5.6,7.25
1942,1,5.0,2.8,3.9
1942,2,10.0,2.2,6.1
1942,3,7.2,4.4,5.8
1942,4,9.4,3.9,6.65
1942,5,10.6,6.7,8.65
1942,6,22.2,11.1,16.65
1942,7,16.7,11.1,13.9
1942,8,22.8,8.9,15.85
1942,9,16.1,8.3,12.2
1942,10,15.6,5.6,10.6
1942,11,7.2,5.6,6.4
1942,12,12.8,5.0,8.9
1943,1,12.8,8.3,10.55
1943,2,12.8,1.7,7.25
1943,3,9.4,6.7,8.05
1943,4,16.1,3.9,10
1943,5,18.3,9.4,13.85
1943,6,21.7,12.2,16.95
1943,7,16.1,6.1,11.1
1943,8,17.2,6.7,11.95
1943,9,17.8,9.4,13.6
1943,10,14.4,8.9,11.65
1943,11,10.0,1.7,5.85
1943,12,11.7,9.4,10.55
1944,1,8.3,3.9,6.1
1944,2,7.8,-5.0,1.4
1944,3,16.1,2.8,9.45
1944,4,12.8,5.0,8.9
1944,5,11.7,2.2,6.95
1944,6,17.2,8.3,12.75
1944,7,25.0,9.4,17.2
1944,8,20.6,10.0,15.3
1944,9,17.2,5.0,11.1
1944,10,10.0,2.2,6.1
1944,11,14.4,7.2,10.8
1944,12,8.3,0.6,4.45
1945,1,10.0,6.7,8.35
1945,2,12.2,5.6,8.9
1945,3,12.2,2.8,7.5
1945,4,15.6,7.8,11.7
1945,5,8.9,-1.7,3.6
1945,6,20.6,10.6,15.6
1945,7,20.6,8.9,14.75
1945,8,21.7,10.0,15.85
1945,9,22.2,12.2,17.2
1945,10,18.9,6.7,12.8
1945,11,11.1,4.4,7.75
1945,12,9.4,3.9,6.65
1946,1,10.6,3.9,7.25
1946,2,4.4,-3.9,0.25
1946,3,11.7,1.7,6.7
1946,4,12.2,-0.6,5.8
1946,5,11.7,7.8,9.75
1946,6,16.7,10.6,13.65
1946,7,16.7,10.0,13.35
1946,8,17.8,11.1,14.45
1946,9,17.2,12.8,15
1946,10,12.8,9.4,11.1
1946,11,8.3,2.8,5.55
1946,12,5.6,-2.8,1.4
1947,1,5.0,2.8,3.9
1947,2,3.3,1.7,2.5
1947,3,7.2,0.0,3.6
1947,4,5.0,3.9,4.45
1947,5,16.7,8.3,12.5
1947,6,15.0,6.7,10.85
1947,7,25.6,12.8,19.2
1947,8,22.8,12.8,17.8
1947,9,22.2,14.4,18.3
1947,10,13.3,3.9,8.6
1947,11,16.1,12.8,14.45
1947,12,9.4,5.0,7.2
1948,1,13.9,8.9,11.4
1948,2,11.1,7.2,9.15
1948,3,15.6,9.4,12.5
1948,4,10.0,1.7,5.85
1948,5,19.4,6.1,12.75
1948,6,17.8,7.2,12.5
1948,7,19.4,8.9,14.15
1948,8,19.4,13.3,16.35
1948,9,20.0,12.2,16.1
1948,10,8.9,6.1,7.5
1948,11,15.6,8.9,12.25
1948,12,8.9,5.0,6.95
1949,1,7.2,1.1,4.15
1949,2,12.8,3.9,8.35
1949,3,12.2,3.9,8.05
1949,4,19.4,9.4,14.4
1949,5,18.3,4.4,11.35
1949,6,23.3,13.9,18.6
1949,7,21.7,12.8,17.25
1949,8,17.2,8.9,13.05
1949,9,18.3,10.6,14.45
1949,10,17.2,11.1,14.15
1949,11,8.9,2.2,5.55
1949,12,5.6,-1.7,1.95
1950,1,7.2,2.8,5
1950,2,6.7,-1.1,2.8
1950,3,11.7,-2.2,4.75
1950,4,14.4,9.4,11.9
1950,5,18.3,6.1,12.2
1950,6,19.4,5.6,12.5
1950,7,17.2,11.7,14.45
1950,8,19.4,10.6,15
1950,9,17.2,9.4,13.3
1950,10,12.2,6.1,9.15
1950,11,8.3,0.6,4.45
1950,12,3.3,-2.2,0.55
1951,1,7.8,0.6,4.2
1951,2,8.3,-1.7,3.3
1951,3,7.2,1.7,4.45
1951,4,14.4,1.7,8.05
1951,5,11.1,1.7,6.4
1951,6,20.0,7.8,13.9
1951,7,20.6,7.2,13.9
1951,8,16.7,8.3,12.5
1951,9,21.7,13.3,17.5
1951,10,11.7,4.4,8.05
1951,11,13.9,8.3,11.1
1951,12,5.0,0.6,2.8
1952,1,7.2,-2.8,2.2
1952,2,11.1,6.1,8.6
1952,3,12.2,5.0,8.6
1952,4,12.2,0.0,6.1
1952,5,16.7,6.1,11.4
1952,6,17.2,8.9,13.05
1952,7,23.9,14.4,19.15
1952,8,19.4,5.6,12.5
1952,9,13.9,3.9,8.9
1952,10,13.3,8.3,10.8
1952,11,5.0,-4.4,0.3
1952,12,7.2,-1.7,2.75
1953,1,10.0,-2.8,3.6
1953,2,7.2,-1.7,2.75
1953,3,10.0,5.6,7.8
1953,4,11.1,0.6,5.85
1953,5,10.6,8.3,9.45
1953,6,18.3,3.3,10.8
1953,7,18.9,12.2,15.55
1953,8,22.8,8.9,15.85
1953,9,17.2,7.8,12.5
1953,10,16.7,10.6,13.65
1953,11,12.2,7.2,9.7
1953,12,11.1,1.7,6.4
1954,1,0.6,-1.1,-0.25
1954,2,6.7,0.6,3.65
1954,3,6.1,3.9,5
1954,4,13.3,1.1,7.2
1954,5,16.7,3.9,10.3
1954,6,17.2,8.9,13.05
1954,7,15.6,7.8,11.7
1954,8,17.2,7.8,12.5
1954,9,12.8,2.2,7.5
1954,10,15.0,-2.8,6.1
1954,11,15.6,6.1,10.85
1954,12,11.1,6.1,8.6
1955,1,4.4,-5.6,-0.6
1955,2,4.4,-1.7,1.35
1955,3,7.8,-0.6,3.6
1955,4,13.3,7.2,10.25
1955,5,14.4,8.3,11.35
1955,6,20.0,9.4,14.7
1955,7,26.1,8.3,17.2
1955,8,22.2,11.7,16.95
1955,9,22.8,9.4,16.1
1955,10,15.6,5.6,10.6
1955,11,8.9,6.7,7.8
1955,12,4.4,1.7,3.05
1956,1,6.7,-1.1,2.8
1956,2,9.4,3.3,6.35
1956,3,9.4,2.2,5.8
1956,4,7.2,5.6,6.4
1956,5,16.7,8.3,12.5
1956,6,13.9,8.3,11.1
1956,7,21.7,11.1,16.4
1956,8,17.8,3.3,10.55
1956,9,19.4,12.8,16.1
1956,10,14.4,3.3,8.85
1956,11,11.1,1.1,6.1
1956,12,7.2,-3.3,1.95
1957,1,11.7,8.3,10
1957,2,11.7,3.3,7.5
1957,3,12.2,1.7,6.95
1957,4,15.0,5.0,10
1957,5,14.9,7.8,11.35
1957,6,15.6,2.2,8.9
1957,7,22.8,9.4,16.1
1957,8,16.2,5.6,10.9
1957,9,19.4,8.4,13.9
1957,10,14.9,4.4,9.65
1957,11,11.6,9.4,10.5
1957,12,5.8,0.8,3.3
1958,1,4.7,-0.2,2.25
1958,2,11.1,6.8,8.95
1958,3,12.3,6.1,9.2
1958,4,15.5,8.9,12.2
1958,5,13.2,5.0,9.1
1958,6,16.3,7.4,11.85
1958,7,16.8,10.2,13.5
1958,8,17.8,8.7,13.25
1958,9,22.3,13.1,17.7
1958,10,12.8,11.1,11.95
1958,11,12.8,10.4,11.6
1958,12,8.9,4.8,6.85
