,year,month,ind,rain,gdf,rd,wd
0,1941,1,0,117.1,15.5,17,16
1,1941,2,0,69.2,18.4,18,16
2,1941,3,0,107.3,39.7,23,17
3,1941,4,0,78.1,17.1,12,10
4,1941,5,0,56.8,23.9,12,9
5,1941,6,0,19.5,6.2,8,5
6,1941,7,0,42.3,7.5,15,10
7,1941,8,0,63.6,8,23,20
8,1941,9,0,18.3,3.2,11,6
9,1941,10,0,48.6,14.8,14,9
10,1941,11,0,83.0,12.9,26,16
11,1941,12,0,43.0,18.7,15,9
12,1942,1,0,93.0,22,24,18
13,1942,2,0,26.4,9.2,12,6
14,1942,3,0,70.0,14.1,22,14
15,1942,4,0,28.5,5.1,13,9
16,1942,5,0,107.0,17.8,18,16
17,1942,6,0,3.1,2.2,4,1
18,1942,7,0,54.4,15.8,19,13
19,1942,8,0,95.5,26.6,21,14
20,1942,9,0,113.5,25.3,18,11
21,1942,10,0,37.6,5.1,20,12
22,1942,11,0,12.6,4,11,3
23,1942,12,0,72.1,13.4,21,14
24,1943,1,0,108.1,19.1,24,14
25,1943,2,0,25.1,6.2,15,8
26,1943,3,0,18.4,6.6,12,5
27,1943,4,0,27.3,7,12,6
28,1943,5,0,104.1,27.8,15,11
29,1943,6,0,53.2,11,16,13
30,1943,7,0,40.2,8.6,14,10
31,1943,8,0,64.4,8.3,19,14
32,1943,9,0,65.3,19.2,20,12
33,1943,10,0,68.9,15.8,17,11
34,1943,11,0,62.4,11.3,18,13
35,1943,12,0,46.5,9.5,14,8
36,1944,1,0,81.0,16.9,23,18
37,1944,2,0,29.1,7.9,18,9
38,1944,3,0,7.6,2.7,8,3
39,1944,4,0,42.8,19.2,14,8
40,1944,5,0,23.3,6.2,10,8
41,1944,6,0,37.0,9.1,15,9
42,1944,7,0,60.3,8.2,19,15
43,1944,8,0,66.4,16.3,16,10
44,1944,9,0,141.3,42.8,18,16
45,1944,10,0,65.8,16.2,23,11
46,1944,11,0,126.7,22.3,25,14
47,1944,12,0,43.7,10.3,19,9
48,1945,1,0,36.7,9.5,15,8
49,1945,2,0,52.9,9.8,23,14
50,1945,3,0,13.9,5,6,3
51,1945,4,0,37.9,16.7,12,4
52,1945,5,0,45.6,10,18,9
53,1945,6,0,85.7,14.6,21,19
54,1945,7,0,77.7,39.5,12,8
55,1945,8,0,22.3,5.3,10,8
56,1945,9,0,58.0,17.5,14,9
57,1945,10,0,43.2,15.2,12,7
58,1945,11,0,14.1,4.4,12,5
59,1945,12,0,88.0,19.6,18,12
60,1946,1,0,59.7,12.2,17,8
61,1946,2,0,90.8,22.9,19,8
62,1946,3,0,36.0,6.9,14,8
63,1946,4,0,33.3,6.9,16,10
64,1946,5,0,53.3,17.5,13,11
65,1946,6,0,88.4,31.8,24,20
66,1946,7,0,66.3,17,17,12
67,1946,8,0,136.0,32.1,23,17
68,1946,9,0,151.9,61,24,18
69,1946,10,0,50.4,18.6,7,5
70,1946,11,0,94.4,14.4,17,14
71,1946,12,0,78.3,16.8,19,15
72,1947,1,0,90.8,11.9,21,19
73,1947,2,0,84.2,29.6,15,13
74,1947,3,0,135.9,33,24,18
75,1947,4,0,75.0,19.1,18,13
76,1947,5,0,100.7,24.3,20,15
77,1947,6,0,89.9,16.5,20,15
78,1947,7,0,68.5,17.7,18,10
79,1947,8,0,30.0,30,1,1
80,1947,9,0,45.4,12,14,9
81,1947,10,0,19.1,8.3,10,7
82,1947,11,0,71.9,10.4,21,16
83,1947,12,0,116.9,37.7,16,13
84,1948,1,0,175.2,32.1,26,20
85,1948,2,0,40.8,8.8,20,10
86,1948,3,0,42.4,17.2,14,7
87,1948,4,0,64.4,18.3,18,12
88,1948,5,0,52.3,20.4,13,8
89,1948,6,0,64.7,14.8,21,12
90,1948,7,0,57.3,19.2,14,10
91,1948,8,0,103.3,30.3,16,10
92,1948,9,0,56.8,12.1,19,13
93,1948,10,0,24.8,6.2,13,7
94,1948,11,0,34.9,6.2,14,9
95,1948,12,0,103.2,17.1,19,16
96,1949,1,0,56.4,27,13,8
97,1949,2,0,27.2,5.4,10,8
98,1949,3,0,48.9,14.5,11,9
99,1949,4,0,47.9,21,15,10
100,1949,5,0,30.6,6.9,15,7
101,1949,6,0,20.0,7.1,9,6
102,1949,7,0,40.3,14,11,8
103,1949,8,0,71.0,24,16,11
104,1949,9,0,23.5,9.5,9,5
105,1949,10,0,89.2,31.8,20,13
106,1949,11,0,42.0,9.8,21,13
107,1949,12,0,70.0,11.8,22,18
108,1950,1,0,14.4,5.5,9,5
109,1950,2,0,112.4,27.5,21,19
110,1950,3,0,28.4,10.5,14,9
111,1950,4,0,49.0,10.5,21,18
112,1950,5,0,33.4,11.6,12,7
113,1950,6,0,30.3,8.3,11,9
114,1950,7,0,76.6,22.5,21,15
115,1950,8,0,138.2,23.9,24,20
116,1950,9,0,104.7,23.8,21,18
117,1950,10,0,75.2,21.2,17,12
118,1950,11,0,53.6,8.9,18,14
119,1950,12,0,49.9,18.8,22,14
120,1951,1,0,73.9,19.2,20,11
121,1951,2,0,66.7,16.4,21,13
122,1951,3,0,93.4,17.7,20,16
123,1951,4,0,33.9,6.2,18,13
124,1951,5,0,53.6,15.6,14,11
125,1951,6,0,27.6,5.8,14,8
126,1951,7,0,47.7,9,11,10
127,1951,8,0,84.7,18.2,25,17
128,1951,9,0,61.1,14.7,13,11
129,1951,10,0,12.1,4.5,10,4
130,1951,11,0,120.7,36.8,23,17
131,1951,12,0,91.2,11,23,16
132,1952,1,0,82.5,25.5,19,13
133,1952,2,0,19.9,10.9,9,4
134,1952,3,0,25.5,8.4,17,6
135,1952,4,0,47.3,16.5,16,12
136,1952,5,0,57.4,12.1,15,10
137,1952,6,0,33.6,5.2,12,8
138,1952,7,0,20.8,9.3,11,3
139,1952,8,0,113.9,27.3,14,10
140,1952,9,0,67.7,23.8,14,11
141,1952,10,0,94.0,18,20,15
142,1952,11,0,83.2,19.1,20,12
143,1952,12,0,55.6,9.2,19,12
144,1953,1,0,14.4,5.2,12,5
145,1953,2,0,42.5,16.8,10,7
146,1953,3,0,11.2,4.1,7,4
147,1953,4,0,69.7,18.7,17,12
148,1953,5,0,40.0,9.6,12,8
149,1953,6,0,37.8,8.9,12,7
150,1953,7,0,77.3,10.3,23,18
151,1953,8,0,68.8,15.1,15,13
152,1953,9,0,36.1,6.9,13,11
153,1953,10,0,39.1,11.9,15,11
154,1953,11,0,51.5,17.5,17,9
155,1953,12,0,41.8,17,17,9
156,1954,1,0,33.7,7.5,16,10
157,1954,2,0,51.1,5.4,21,14
158,1954,3,0,55.5,8.3,14,12
159,1954,4,0,11.9,3.6,7,3
160,1954,5,0,106.6,34,15,12
161,1954,6,0,43.4,15.4,16,8
162,1954,7,0,53.2,6.2,21,17
163,1954,8,0,57.5,13.3,21,14
164,1954,9,0,43.4,7.4,22,12
165,1954,10,0,127.6,36.4,24,18
166,1954,11,0,102.9,18.4,20,16
167,1954,12,0,102.6,29.5,20,12
168,1955,1,0,84.6,24.1,21,15
169,1955,2,0,63.0,21.4,19,11
170,1955,3,0,27.3,8.9,8,5
171,1955,4,0,22.0,5.5,14,7
172,1955,5,0,53.4,7.6,18,15
173,1955,6,0,101.5,29.5,17,15
174,1955,7,0,11.9,9.4,3,2
175,1955,8,0,71.0,37.3,10,9
176,1955,9,0,51.0,10.7,14,9
177,1955,10,0,24.9,5.2,15,7
178,1955,11,0,46.7,14.1,13,9
179,1955,12,0,111.6,17.2,24,17
180,1956,1,0,73.3,26.7,15,10
181,1956,2,0,28.9,4.5,19,10
182,1956,3,0,55.7,9.5,17,13
183,1956,4,0,57.3,25.7,13,8
184,1956,5,0,20.0,4.4,14,6
185,1956,6,0,59.8,22.2,16,12
186,1956,7,0,95.8,15.3,17,14
187,1956,8,0,159.0,18.2,23,19
188,1956,9,0,103.2,26.2,17,13
189,1956,10,0,41.7,8.1,16,12
190,1956,11,0,35.8,12.5,15,10
191,1956,12,0,95.6,32.8,18,14
192,1957,1,0,42.9,8.6,19,12
193,1957,2,0,62.8,17.2,19,13
194,1957,3,0,70.7,14.5,22,11
195,1957,4,0,19.1,3.7,9,7
196,1957,5,0,63.8,19.8,14,11
197,1957,6,0,34.7,9,8,6
198,1957,7,0,82.5,11.4,20,16
199,1957,8,0,65.3,11.4,15,14
200,1957,9,0,130.7,41.2,22,19
201,1957,10,0,69.7,23,18,13
202,1957,11,0,42.8,22.3,10,5
203,1957,12,0,82.9,20.5,17,13
204,1958,1,0,36.6,5.5,20,12
205,1958,2,0,114.5,18.6,19,14
206,1958,3,0,28.6,14.5,15,7
207,1958,4,0,32.5,8.6,11,8
208,1958,5,0,107.5,23.3,20,15
209,1958,6,0,157.0,36.5,20,17
210,1958,7,0,125.3,36.5,18,15
211,1958,8,0,119.2,32,25,15
212,1958,9,0,103.5,15.2,22,18
213,1958,10,0,54.6,15,15,8
214,1958,11,0,52.1,11,14,10
215,1958,12,0,109.5,23.8,21,18
216,1959,1,0,39.6,10.8,14,8
217,1959,2,0,11.8,5.6,6,2
218,1959,3,0,36.9,6.7,17,10
219,1959,4,0,36.5,6.2,19,11
220,1959,5,0,74.1,32.2,9,6
221,1959,6,0,62.7,25.7,17,12
222,1959,7,0,44.6,11.8,15,11
223,1959,8,0,16.6,7.3,7,3
224,1959,9,0,23.7,14,6,4
225,1959,10,0,104.5,28.9,17,13
226,1959,11,0,86.8,19.8,17,11
227,1959,12,0,134.8,18.6,26,23
228,1960,1,0,78.4,19.5,20,13
229,1960,2,0,36.9,11.5,13,7
230,1960,3,0,77.1,12.3,13,11
231,1960,4,0,38.7,11.7,15,12
232,1960,5,0,56.9,19.8,8,7
233,1960,6,0,55.1,13.5,9,9
234,1960,7,0,127.2,13.6,24,22
235,1960,8,0,77.8,12.6,21,14
236,1960,9,0,80.9,15.8,19,15
237,1960,10,0,183.0,26.5,20,15
238,1960,11,0,96.5,14.5,21,17
239,1960,12,0,85.8,23.4,21,16
240,1961,1,0,93.1,21.5,22,14
241,1961,2,0,45.0,8.6,16,11
242,1961,3,0,7.4,1.8,7,4
243,1961,4,0,91.9,17.2,20,18
244,1961,5,0,22.1,7.3,12,7
245,1961,6,0,30.1,9.4,14,9
246,1961,7,0,48.1,21.4,10,7
247,1961,8,0,47.0,15,19,9
248,1961,9,0,79.9,32,16,11
249,1961,10,0,59.7,16.7,19,13
250,1961,11,0,54.9,17.8,15,6
251,1961,12,0,36.7,8.4,11,9
252,1962,1,0,38.7,7.8,16,13
253,1962,2,0,28.0,5.5,13,8
254,1962,3,0,52.4,13.9,18,11
255,1962,4,0,44.0,7.4,15,12
256,1962,5,0,63.7,27,16,11
257,1962,6,0,22.8,7.8,13,6
258,1962,7,0,70.8,24.7,12,12
259,1962,8,0,62.9,11.1,25,18
260,1962,9,0,116.2,20,21,18
261,1962,10,0,17.3,8.1,10,3
262,1962,11,0,47.5,11.2,15,6
263,1962,12,0,87.6,19,18,13
264,1963,1,0,44.0,12.5,10,8
265,1963,2,0,71.7,32,10,6
266,1963,3,0,64.4,18.5,17,11
267,1963,4,1,47.6,10.1,20,14
268,1963,5,0,38.5,6.8,21,11
269,1963,6,0,64.7,18.8,18,12
270,1963,7,0,20.4,3.8,14,6
271,1963,8,0,111.8,44.4,18,13
272,1963,9,0,47.2,15.8,15,10
273,1963,10,0,44.3,9.6,17,11
274,1963,11,0,102.9,16.2,21,16
275,1963,12,0,18.0,6.4,9,8
276,1964,1,0,11.4,2.8,8,3
277,1964,2,0,25.8,4.8,15,10
278,1964,3,0,92.8,16.2,20,12
279,1964,4,0,53.2,7,19,15
280,1964,5,0,41.1,6.3,17,11
281,1964,6,0,47.6,7.4,19,14
282,1964,7,0,31.2,10,14,8
283,1964,8,0,82.6,24.3,13,13
284,1964,9,0,49.0,17.3,15,8
285,1964,10,0,60.5,24.5,19,12
286,1964,11,0,23.1,6.3,13,7
287,1964,12,0,107.8,18.7,20,13
288,1965,1,0,98.3,32.4,21,16
289,1965,2,0,6.9,1.5,8,4
290,1965,3,0,46.2,6.8,17,11
291,1965,4,0,41.7,10.2,21,12
292,1965,5,0,54.0,10.8,17,15
293,1965,6,0,79.1,17.6,21,15
294,1965,7,0,81.3,18.1,19,11
295,1965,8,0,53.5,15.7,19,11
296,1965,9,0,79.4,25.3,18,12
297,1965,10,0,35.5,11.5,11,9
298,1965,11,0,192.6,52.2,21,17
299,1965,12,0,73.8,13,25,19
300,1966,1,0,95.4,27.8,18,12
301,1966,2,0,102.5,17,24,19
302,1966,3,0,36.6,10.2,18,9
303,1966,4,0,134.0,19,18,14
304,1966,5,1,37.1,5.8,20,10
305,1966,6,0,123.8,44.9,24,16
306,1966,7,0,40.5,7.5,19,12
307,1966,8,0,52.2,15.6,17,10
308,1966,9,0,60.3,16.5,11,8
309,1966,10,0,127.9,26.7,19,12
310,1966,11,0,42.4,7.2,19,15
311,1966,12,0,91.7,22.5,19,14
312,1967,1,0,34.3,6.5,15,9
313,1967,2,0,88.6,32.4,15,11
314,1967,3,0,30.1,11.4,18,8
315,1967,4,0,31.2,13,13,9
316,1967,5,0,122.3,15.4,28,25
317,1967,6,0,11.8,3.3,8,4
318,1967,7,0,57.4,15.7,21,12
319,1967,8,0,90.3,21.4,17,16
320,1967,9,0,87.9,20,20,17
321,1967,10,0,97.0,27.5,25,19
322,1967,11,0,43.0,19.7,12,8
323,1967,12,0,48.2,9.5,19,14
324,1968,1,0,74.5,27.8,21,13
325,1968,2,0,20.3,10,10,3
326,1968,3,0,41.8,12.5,12,9
327,1968,4,0,50.7,15.3,11,8
328,1968,5,0,41.7,7.9,17,12
329,1968,6,0,49.5,12,14,11
330,1968,7,0,14.0,5.4,6,4
331,1968,8,0,76.4,20.3,11,10
332,1968,9,0,102.2,19.1,23,17
333,1968,10,0,53.6,9.9,18,13
334,1968,11,0,72.3,28,17,12
335,1968,12,0,110.2,40.7,17,13
336,1969,1,0,98.4,13.8,21,13
337,1969,2,0,53.5,12,18,12
338,1969,3,0,57.0,17.6,11,7
339,1969,4,0,60.6,14.5,14,12
340,1969,5,0,110.6,18,24,19
341,1969,6,0,64.4,24.2,12,10
342,1969,7,0,35.7,23.8,9,5
343,1969,8,0,38.8,11.1,9,9
344,1969,9,0,45.7,27.9,11,7
345,1969,10,0,11.8,3.8,11,4
346,1969,11,0,80.7,20.5,17,11
347,1969,12,0,53.2,11.1,16,9
348,1970,1,0,57.6,8.7,25,16
349,1970,2,1,59.4,9.2,20,15
350,1970,3,0,36.3,7.4,19,9
351,1970,4,0,87.6,15.7,20,15
352,1970,5,0,12.9,8.1,7,2
353,1970,6,0,27.5,10.2,12,10
354,1970,7,0,60.2,11.1,17,11
355,1970,8,0,59.4,23.1,12,8
356,1970,9,0,49.8,10.5,21,12
357,1970,10,0,50.0,15.3,16,8
358,1970,11,0,123.7,28.3,22,15
359,1970,12,0,52.4,13,19,11
360,1971,1,0,36.9,18,17,7
361,1971,2,0,34.8,5,15,9
362,1971,3,0,72.9,38,14,7
363,1971,4,1,48.7,14.7,11,6
364,1971,5,0,29.4,11.2,13,8
365,1971,6,1,71.4,23.3,19,11
366,1971,7,0,74.3,18.2,10,8
367,1971,8,0,57.3,9.3,16,11
368,1971,9,0,25.5,9.7,6,5
369,1971,10,0,35.0,12.4,11,8
370,1971,11,0,40.6,11.9,18,7
371,1971,12,0,39.2,10.8,13,7
372,1972,1,0,94.7,13.8,24,17
373,1972,2,0,54.7,15.8,16,12
374,1972,3,0,54.1,10.6,15,11
375,1972,4,0,28.4,4.8,12,9
376,1972,5,0,60.0,17.2,22,16
377,1972,6,0,58.3,17.2,23,15
378,1972,7,0,43.2,12.1,14,9
379,1972,8,1,25.5,11.8,12,5
380,1972,9,0,6.4,2.9,6,2
381,1972,10,0,40.3,14.9,10,6
382,1972,11,1,78.2,28,16,11
383,1972,12,1,78.1,21.5,18,15
384,1973,1,1,52.9,14.6,17,9
385,1973,2,0,40.0,7.9,17,8
386,1973,3,0,14.1,4.6,7,6
387,1973,4,0,44.0,15,17,11
388,1973,5,0,83.0,12.8,22,16
389,1973,6,0,13.6,8.2,7,4
390,1973,7,0,68.1,29.3,17,10
391,1973,8,0,104.3,17.6,19,14
392,1973,9,0,74.4,23.3,14,10
393,1973,10,1,52.2,11.5,17,12
394,1973,11,0,61.5,11.6,14,10
395,1973,12,0,74.4,20.4,18,13
396,1974,1,0,88.7,13.2,22,18
397,1974,2,0,46.9,7.1,19,12
398,1974,3,0,20.4,5,9,6
399,1974,4,1,47.3,22.7,6,4
400,1974,5,0,62.5,14.3,16,13
401,1974,6,0,34.1,7.2,11,8
402,1974,7,0,101.1,15.4,19,14
403,1974,8,0,35.8,9,19,13
404,1974,9,0,120.8,36,23,15
405,1974,10,0,25.3,4.1,18,8
406,1974,11,1,48.2,13.2,16,9
407,1974,12,0,32.1,5.2,19,11
408,1975,1,1,80.2,16.1,21,14
409,1975,2,0,20.5,7.3,10,7
410,1975,3,0,37.3,6.7,19,14
411,1975,4,0,52.7,9.8,17,13
412,1975,5,0,37.9,16.8,8,6
413,1975,6,0,13.5,5,7,5
414,1975,7,0,30.2,9.7,15,6
415,1975,8,0,25.6,12,11,6
416,1975,9,0,103.8,36.4,20,15
417,1975,10,0,31.1,18.7,13,6
418,1975,11,0,57.5,24.7,15,11
419,1975,12,0,26.1,11.2,12,7
420,1976,1,0,59.5,17,17,11
421,1976,2,0,29.6,6.1,10,8
422,1976,3,0,52.8,16.3,16,11
423,1976,4,0,15.1,5.8,7,4
424,1976,5,0,59.0,8,21,18
425,1976,6,0,20.7,8.1,10,6
426,1976,7,0,59.8,17.2,13,8
427,1976,8,0,3.5,2,4,1
428,1976,9,0,155.8,27.4,16,12
429,1976,10,0,146.6,19.7,26,22
430,1976,11,0,40.4,9.3,11,8
431,1976,12,0,45.7,7.5,18,11
432,1977,1,0,58.3,18.9,19,12
433,1977,2,0,118.5,14.8,24,19
434,1977,3,0,50.4,11.9,22,14
435,1977,4,0,49.4,8.7,24,20
436,1977,5,0,15.5,9,6,3
437,1977,6,0,55.5,16.2,16,12
438,1977,7,0,28.1,7.2,10,6
439,1977,8,0,56.2,15.3,13,10
440,1977,9,0,47.0,16.2,18,10
441,1977,10,0,88.2,30,17,10
442,1977,11,0,50.9,8.5,20,13
443,1977,12,0,71.1,12.2,20,14
444,1978,1,0,53.7,11.3,19,13
445,1978,2,0,63.2,16.7,18,11
446,1978,3,0,44.1,6.2,23,13
447,1978,4,0,26.1,8.4,12,6
448,1978,5,0,19.4,6,11,4
449,1978,6,1,33.8,8.3,12,9
450,1978,7,0,43.6,10.9,14,10
451,1978,8,0,131.8,67,13,11
452,1978,9,0,43.6,11,14,10
453,1978,10,0,30.2,9,10,7
454,1978,11,0,64.6,16.1,14,12
455,1978,12,0,218.8,28.2,25,22
456,1979,1,0,66.4,22.5,20,13
457,1979,2,0,63.2,11.4,14,9
458,1979,3,0,77.9,25,22,13
459,1979,4,0,58.7,10.7,22,16
460,1979,5,0,88.3,11.1,24,22
461,1979,6,0,42.4,20.1,12,7
462,1979,7,0,21.9,7.9,9,4
463,1979,8,0,81.8,16.1,20,17
464,1979,9,0,30.1,8.1,11,6
465,1979,10,0,102.5,26.9,24,17
466,1979,11,0,44.7,12.8,16,10
467,1979,12,0,100.0,22.7,20,13
468,1980,1,0,116.4,26.7,18,13
469,1980,2,0,55.0,11,18,14
470,1980,3,0,77.2,24.7,22,14
471,1980,4,0,10.1,6.9,6,2
472,1980,5,0,35.1,8.3,12,7
473,1980,6,0,70.8,11,21,18
474,1980,7,0,35.9,8.1,15,10
475,1980,8,0,100.6,30,21,15
476,1980,9,0,80.6,25.9,20,16
477,1980,10,0,115.2,16,24,17
478,1980,11,0,45.6,9.4,15,12
479,1980,12,0,35.6,7,19,8
480,1981,1,0,37.4,5.5,16,9
481,1981,2,0,55.0,13.3,12,8
482,1981,3,0,81.9,11.7,26,18
483,1981,4,0,48.2,15.2,10,6
484,1981,5,0,106.8,20,25,21
485,1981,6,0,73.4,27,14,12
486,1981,7,0,37.1,6.5,17,11
487,1981,8,0,11.7,6.8,7,3
488,1981,9,0,99.2,28.8,21,13
489,1981,10,0,92.0,25.5,21,17
490,1981,11,0,49.3,18.1,16,10
491,1981,12,1,132.6,28.7,19,13
492,1982,1,1,45.2,10,15,12
493,1982,2,0,27.1,4,19,9
494,1982,3,0,54.3,7.2,20,17
495,1982,4,0,12.5,4.7,5,4
496,1982,5,0,42.7,6,17,12
497,1982,6,0,96.6,22.2,15,12
498,1982,7,0,6.2,2.2,7,2
499,1982,8,0,67.5,16,22,18
500,1982,9,0,89.5,17.2,16,14
501,1982,10,0,94.2,19,19,14
502,1982,11,1,123.5,38,23,13
503,1982,12,0,78.7,14.5,22,16
504,1983,1,0,62.1,15,21,17
505,1983,2,0,49.1,18.2,18,10
506,1983,3,0,61.2,9.1,22,17
507,1983,4,0,76.3,17.8,17,15
508,1983,5,0,88.1,23.3,19,15
509,1983,6,0,42.3,14,10,9
510,1983,7,0,9.7,2.9,9,4
511,1983,8,0,47.1,11.2,13,8
512,1983,9,0,79.5,19.4,18,14
513,1983,10,0,48.0,13.9,16,11
514,1983,11,0,20.5,7.5,8,3
515,1983,12,0,120.6,34,18,17
516,1984,1,0,89.9,15.5,22,18
517,1984,2,0,51.1,15.5,15,13
518,1984,3,0,58.4,22.6,18,11
519,1984,4,0,16.9,6.6,8,5
520,1984,5,0,30.5,7,11,9
521,1984,6,0,40.1,14.6,12,5
522,1984,7,0,20.1,6.3,8,7
523,1984,8,0,76.6,31.9,13,10
524,1984,9,0,70.8,17.6,21,15
525,1984,10,0,57.9,11.5,20,10
526,1984,11,0,86.4,15.6,19,15
527,1984,12,0,91.5,29,22,13
528,1985,1,0,61.2,27.1,20,13
529,1985,2,0,49.1,20.5,9,6
530,1985,3,0,69.8,31,19,10
531,1985,4,0,40.3,9,14,12
532,1985,5,0,83.7,25,16,12
533,1985,6,0,76.7,11.2,21,15
534,1985,7,0,101.2,29.2,19,11
535,1985,8,1,128.0,30.1,28,21
536,1985,9,0,30.2,6.1,14,8
537,1985,10,0,19.4,8,11,6
538,1985,11,0,32.8,7,20,10
539,1985,12,1,75.9,13.6,22,13
540,1986,1,0,105.6,16.8,25,20
541,1986,2,0,9.4,3.2,6,4
542,1986,3,0,56.4,13.3,24,14
543,1986,4,0,46.8,9.7,17,15
544,1986,5,0,65.8,12.5,23,17
545,1986,6,0,82.3,17.3,16,7
546,1986,7,0,65.2,13.4,22,14
547,1986,8,0,153.4,73.5,17,14
548,1986,9,0,3.1,2.2,3,1
549,1986,10,0,53.2,22.3,15,11
550,1986,11,0,92.0,20,20,15
551,1986,12,0,74.6,12.5,22,12
552,1987,1,0,32.7, ,13,6
553,1987,2,0,33.7,8,11,8
554,1987,3,0,52.5,10.3,23,11
555,1987,4,0,69.1,28.6,14,11
556,1987,5,0,28.7,5,14,10
557,1987,6,0,90.3,18.7,25,16
558,1987,7,0,32.0,8.5,15,6
559,1987,8,0,72.0,16.1,16,11
560,1987,9,0,59.3,17.5,16,9
561,1987,10,0,131.9,40.2,23,16
562,1987,11,0,45.0,12.2,15,9
563,1987,12,0,40.7,9.5,15,10
564,1988,1,0,107.7,18.8,27,18
565,1988,2,0,34.4,6.6,18,10
566,1988,3,0,85.1,13.5,23,15
567,1988,4,0,27.5,5.5,9,8
568,1988,5,0,75.3,16.5,17,14
569,1988,6,0,34.0,17.4,10,6
570,1988,7,0,84.0,26,25,14
571,1988,8,0,52.8,18.2,18,11
572,1988,9,0,37.5,11.1,17,13
573,1988,10,0,68.6,13,20,14
574,1988,11,0,20.8,6,9,7
575,1988,12,0,39.0,8.4,15,8
576,1989,1,0,29.5,7.7,13,8
577,1989,2,0,47.7,9.1,17,11
578,1989,3,0,49.0,9.5,21,12
579,1989,4,0,73.6,16.5,21,15
580,1989,5,0,22.5,9.8,7,6
581,1989,6,0,52.7,23.5,13,11
582,1989,7,0,10.4,2.8,7,5
583,1989,8,0,87.2,13.2,21,14
584,1989,9,0,31.3,13.3,13,5
585,1989,10,0,65.2,17.5,19,13
586,1989,11,0,30.8,12.4,16,10
587,1989,12,0,60.9,13.1,15,11
588,1990,1,0,76.4,12.6,24,16
589,1990,2,0,116.8,13.5,25,20
590,1990,3,0,13.3,3.3,10,6
591,1990,4,0,24.8,4.5,14,9
592,1990,5,0,48.2,12.4,10,9
593,1990,6,0,45.8,7.5,21,15
594,1990,7,0,33.3,11.5,10,5
595,1990,8,0,58.8,16.9,16,8
596,1990,9,0,16.2,5.5,11,4
597,1990,10,0,137.1,24.5,19,16
598,1990,11,0,62.5,22.4,17,11
599,1990,12,0,80.0,11,20,14
600,1991,1,0,73.6,17.6,16,12
601,1991,2,0,50.8,10.2,20,13
602,1991,3,0,71.9, , , 
603,1991,4,0,87.6,23.5,17,9
604,1991,5,0,4.7,1.9,3,3
605,1991,6,0,58.9,11.4,22,18
606,1991,7,0,28.5,8.6,17,7
607,1991,8,0,37.1,14,13,6
608,1991,9,0,49.9,17,11,7
609,1991,10,0,74.5,22.3,23,15
610,1991,11,0,55.7,9.2,21,13
611,1991,12,0,37.4,10.4,11,9
612,1992,1,0,33.3,19.8,10,5
613,1992,2,0,30.6,7.8,17,9
614,1992,3,0,67.8,16.9,24,15
615,1992,4,0,67.2,9.6,23,18
616,1992,5,0,34.5,10.4,11,8
617,1992,6,0,30.1,8,9,6
618,1992,7,0,65.6,25.3,19,13
619,1992,8,0,77.4,13.2,23,13
620,1992,9,0,70.9,15.2,16,14
621,1992,10,0,32.4,15.2,13,8
622,1992,11,0,64.9,17.2,24,15
623,1992,12,0,40.9,7,16,9
624,1993,1,0,62.6,7.8,25,19
625,1993,2,0,20.5,7.4,10,4
626,1993,3,0,22.1,4.5,15,6
627,1993,4,0,43.9,7.7,18,13
628,1993,5,0,161.4,44,21,17
629,1993,6,0,143.1, ,14,9
630,1993,7,0,58.2,10.8,20,13
631,1993,8,0,33.8,8.1,15,9
632,1993,9,0,101.5,18.4,17,13
633,1993,10,0,83.6,26.1,12,9
634,1993,11,0,37.8,13.9,16,10
635,1993,12,1,111.1,14.3,28,20
636,1994,1,0,71.9,8,26,18
637,1994,2,0,100.9,15.5,19,14
638,1994,3,0,71.4,12.3,25,17
639,1994,4,1,63.7, ,18,14
640,1994,5,0,64.3,18.4,17,10
641,1994,6,0,16.0,4.3,11,6
642,1994,7,0,63.1,12.5,17,12
643,1994,8,0,55.2,11.3,15,9
644,1994,9,0,93.3,22.5,22,15
645,1994,10,1,44.5,9.2,12,9
646,1994,11,0,59.9,12.4,18,12
647,1994,12,0,88.0,18.5,23,16
648,1995,1,0,113.0,30.2,22,17
649,1995,2,0,88.7,12.7,23,18
650,1995,3,0,45.7,18.7,18,12
651,1995,4,0,29.1,17,8,5
652,1995,5,0,38.7,10.3,15,9
653,1995,6,0,9.0,4.6,6,3
654,1995,7,0,50.8,16.6,14,7
655,1995,8,0,4.6,1.9,3,3
656,1995,9,0,42.6,11.8,15,7
657,1995,10,0,36.7,8.2,17,9
658,1995,11,0,147.6,33,20,15
659,1995,12,0,73.6,13.6,21,14
660,1996,1,0,92.5,19,25,17
661,1996,2,0,57.9,14.9,17,12
662,1996,3,0,71.2,14,18,13
663,1996,4,0,63.3,11.5,17,12
664,1996,5,0,78.5,20,18,16
665,1996,6,0,16.4,6.4,10,3
666,1996,7,0,41.7,13.4,15,11
667,1996,8,0,74.8,30.8,15,14
668,1996,9,0,18.4,9.4,7,4
669,1996,10,0,98.4,22.3,21,16
670,1996,11,0,105.6,34.1,21,13
671,1996,12,0,49.1,17.5,14,8
672,1997,1,0,15.9,6,10,4
673,1997,2,0,61.0,12.3,24,17
674,1997,3,0,10.9,3.7,11,4
675,1997,4,0,42.7,22.9,7,5
676,1997,5,0,68.2,18.2,17,11
677,1997,6,0,135.1,31,14,12
678,1997,7,0,47.6,7.8,15,13
679,1997,8,0,73.1,15.3,19,14
680,1997,9,0,18.4,4.3,13,6
681,1997,10,0,67.7,16.9,13,10
682,1997,11,0,97.3,23.9,25,16
683,1997,12,0,95.0,29.9,20,11
684,1998,1,0,86.2,17.6,20,14
685,1998,2,0,10.1,4.1,8,4
686,1998,3,0,66.3,10,16,12
687,1998,4,0,118.0,36.3,25,15
688,1998,5,0,38.8,7.7,16,9
689,1998,6,0,124.2,27.2,23,17
690,1998,7,0,37.4,7.9,20,10
691,1998,8,0,35.9,7.2,14,11
692,1998,9,0,92.4,25.8,21,14
693,1998,10,0,70.0,11.1,21,18
694,1998,11,0,73.7,16.2,20,11
695,1998,12,0,67.2,21.3,22,18
696,1999,1,0,71.7,13.1,22,15
697,1999,2,0,34.1,6.8,18,7
698,1999,3,0,30.1,8.7,17,5
699,1999,4,0,57.1,9.8,21,14
700,1999,5,0,34.5,15,12,6
701,1999,6,0,55.1,16.5,16,9
702,1999,7,0,23.4,10.2,9,7
703,1999,8,0,95.5,39,13,10
704,1999,9,0,113.9,21.6,18,17
705,1999,10,0,27.3,8.4,11,7
706,1999,11,0,45.9,11.7,14,8
707,1999,12,0,67.9,11.2,21,14
708,2000,1,0,38.1,13.4,13,8
709,2000,2,0,44.8,6,23,18
710,2000,3,0,16.4,5.5,13,5
711,2000,4,0,87.3,18,19,14
712,2000,5,0,49.8,12,17,14
713,2000,6,0,27.0,7,17,7
714,2000,7,0,42.3,19.1,11,7
715,2000,8,0,70.8,13.2,18,11
716,2000,9,1,98.9,29.8,21,15
717,2000,10,0,75.5,11.1,24,16
718,2000,11,0,142.4,61.9,24,18
719,2000,12,0,113.0,38.1,23,18
720,2001,1,0,32.0,7.8,12,10
721,2001,2,0,43.9,9.2,18,7
722,2001,3,0,58.9,12.6,18,12
723,2001,4,0,57.1,11.4,21,14
724,2001,5,0,58.9,26.3,11,8
725,2001,6,0,38.9,11.4,14,9
726,2001,7,0,31.6,8.8,12,7
727,2001,8,0,73.2,15.5,17,14
728,2001,9,0,35.1,8.7,13,8
729,2001,10,0,84.1,33.3,20,14
730,2001,11,0,32.6,9.7,17,9
731,2001,12,0,16.4,9.1,8,3
732,2002,1,0,49.6,7.1,20,15
733,2002,2,0,117.1,20.4,23,18
734,2002,3,0,34.7,11.6,13,7
735,2002,4,0,74.6,23.7,14,8
736,2002,5,0,99.9,42.3,17,14
737,2002,6,0,65.0,13.4,18,15
738,2002,7,0,80.2,16.2,15,11
739,2002,8,0,42.0,9,15,8
740,2002,9,0,16.9,7.1,5,4
741,2002,10,0,166.1,59.7,22,16
742,2002,11,0,181.3,45.4,25,20
743,2002,12,0,106.7,20.9,22,19
744,2003,1,0,44.7,11.4,17,9
745,2003,2,0,22.3,6,11,6
746,2003,3,0,33.6,11.1,10,7
747,2003,4,0,36.0,15.8,10,7
748,2003,5,0,97.5,21.3,23,18
749,2003,6,0,68.9,29.9,13,7
750,2003,7,0,47.6,12.7,18,12
751,2003,8,0,14.7,6.1,7,4
752,2003,9,0,36.8,8.7,12,7
753,2003,10,0,116.3,34.1,11,8
754,2003,11,0,52.7,14.7,12,8
755,2003,12,1,59.8,18.7,15,11
756,2004,1,0,89.0,14,23,17
757,2004,2,0,17.2,4.8,8,6
758,2004,3,0,48.0,11.4,16,12
759,2004,4,0,35.8,4.8,18,11
760,2004,5,0,34.4,9.3,9,6
761,2004,6,0,54.9,23.3,14,12
762,2004,7,0,35.6,5,16,13
763,2004,8,0,115.1,23.1,16,11
764,2004,9,0,50.4,21.2,16,10
765,2004,10,0,131.2,27.5,21,18
766,2004,11,0,39.2,13.2,14,7
767,2004,12,0,44.3,11.1,16,11
768,2005,1,0,63.2,25.5,18,11
769,2005,2,0,42.3,9.9,15,10
770,2005,3,0,37.2,14.3,13,9
771,2005,4,0,43.7,7.9,21,13
772,2005,5,0,76.8,26,19,12
773,2005,6,0,24.4,8.8,11,9
774,2005,7,0,85.9,33,16,10
775,2005,8,0,29.1,4.9,14,8
776,2005,9,0,46.8,8.1,12,11
777,2005,10,0,99.7,28.3,18,14
778,2005,11,0,50.1,14.1,15,10
779,2005,12,0,61.2,20.3,14,8
780,2006,1,0,16.5,5.2,11,5
781,2006,2,0,35.3,9.4,11,6
782,2006,3,0,62.5,9.3,21,16
783,2006,4,0,33.7,7.8,14,7
784,2006,5,0,93.4,16,17,15
785,2006,6,0,26.9,12.8,11,4
786,2006,7,0,13.0,4.2,7,4
787,2006,8,0,77.9,21.4,17,12
788,2006,9,0,85.4,20.1,18,12
789,2006,10,0,88.3,20.3,15,12
790,2006,11,0,70.0,21.9,18,11
791,2006,12,0,93.0,13.3,21,15
792,2007,1,0,64.9,10.6,22,15
793,2007,2,0,59.5,9.2,17,14
794,2007,3,0,42.5,8.3,18,10
795,2007,4,0,8.2,5,5,3
796,2007,5,0,39.3,18.1,13,9
797,2007,6,0,144.2,28.5,20,17
798,2007,7,0,116.2,14.3,24,21
799,2007,8,0,106.9,21.3,15,12
800,2007,9,0,22.0,8.3,12,7
801,2007,10,0,19.7,5.5,8,5
802,2007,11,0,51.6,17.4,15,6
803,2007,12,0,57.9,9,16,14
804,2008,1,0,97.9,19.8,22,17
805,2008,2,0,11.4,3.4,10,6
806,2008,3,0,117.4,41.5,23,14
807,2008,4,0,32.1,9,17,10
808,2008,5,0,26.1,5.7,9,8
809,2008,6,0,80.7,16.7,20,13
810,2008,7,0,93.5,19.6,16,12
811,2008,8,0,203.8,50.6,24,18
812,2008,9,0,103.7,40.9,16,13
813,2008,10,0,103.9,21.2,22,15
814,2008,11,0,38.3,10.2,18,10
815,2008,12,0,43.0,10.2,12,10
816,2009,1,0,64.5,9.1,17,14
817,2009,2,0,70.2,35.2,12,4
818,2009,3,0,18.9,4.7,12,5
819,2009,4,0,60.5,9.9,18,15
820,2009,5,0,62.4,12.8,20,13
821,2009,6,0,75.2,30.4,12,7
822,2009,7,0,128.4,44.4,22,17
823,2009,8,0,53.7,16.6,17,12
824,2009,9,0,20.3,10.9,7,4
825,2009,10,0,85.3,25.8,21,12
826,2009,11,0,148.3,17.7,23,22
827,2009,12,0,82.5,23.4,19,11
828,2010,1,0,52.2,13.7,14,9
829,2010,2,0,38.7,7.2,14,7
830,2010,3,0,57.8,14.6,9,8
831,2010,4,0,20.8,5.2,9,7
832,2010,5,0,60.5,24.8,14,9
833,2010,6,0,36.8,15.9,6,6
834,2010,7,0,76.4,21.8,19,11
835,2010,8,0,38.7,8.1,15,9
836,2010,9,0,106.1,17.7,19,15
837,2010,10,0,29.8,6.9,12,9
838,2010,11,0,109.7,18.5,24,21
839,2010,12,0,65.6,13.2,18,12
840,2011,1,0,26.1,11.8,14,8
841,2011,2,0,77.1,18.3,20,12
842,2011,3,0,20.6,9.1,11,5
843,2011,4,0,28.5,16.6,10,4
844,2011,5,0,37.0,4.9,20,10
845,2011,6,0,73.6,12.3,19,14
846,2011,7,0,50.7,11.2,14,9
847,2011,8,0,33.3,9.5,15,6
848,2011,9,0,68.2,34,18,13
849,2011,10,0,164.8,86.7,16,12
850,2011,11,0,58.1,13.3,11,9
851,2011,12,0,47.7,5.7,22,17
852,2012,1,0,65.3,19.3,16,9
853,2012,2,0,18.7,4.4,14,6
854,2012,3,0,10.9,4.4,6,3
855,2012,4,0,83.7,20.3,19,14
856,2012,5,0,55.8,18.1,15,12
857,2012,6,0,173.7,33.8,23,18
858,2012,7,0,93.9,13.3,19,16
859,2012,8,0,70.8,9.2,19,15
860,2012,9,0,87.7,39,17,8
861,2012,10,0,70.9,17.4,21,15
862,2012,11,0,73.1,36,15,10
863,2012,12,0,43.4,9.1,20,14
864,2013,1,0,91.5,18,20,17
865,2013,2,0,52.1,13.6,12,11
866,2013,3,0,95.6,22.8,18,12
867,2013,4,0,38.0,12.9,13,7
868,2013,5,0,40.4,8.7,14,9
869,2013,6,0,28.1,5.3,13,7
870,2013,7,0,99.0,30.4,10,7
871,2013,8,0,34.2,15.9,12,5
872,2013,9,0,31.8,6.3,13,9
873,2013,10,0,104.9,16.8,21,13
874,2013,11,0,20.1,5.1,10,7
875,2013,12,0,78.6,12.9,16,12
876,2014,1,0,99.1,11.1,24,19
877,2014,2,0,90.4,21.3,21,18
878,2014,3,0,60.4,10.3,16,13
879,2014,4,0,38.9,7.9,14,9
880,2014,5,0,79.5,12.9,20,17
881,2014,6,0,34.0,10.9,8,7
882,2014,7,0,38.0,7.2,16,11
883,2014,8,0,193.4,59.3,20,13
884,2014,9,0,14.0,11.1,6,2
885,2014,10,0,94.7,32.5,19,13
886,2014,11,0,156.3,41.7,16,13
887,2014,12,0,57.0,12.8,17,9
888,2015,1,0,48.9,7.7,17,14
889,2015,2,0,29.2,8.9,11,8
890,2015,3,0,52.3,9,15,10
891,2015,4,0,41.3,8.8,11,10
892,2015,5,0,94.5,31.5,21,15
893,2015,6,0,11.7,4.5,8,4
894,2015,7,0,68.1,10.4,19,11
895,2015,8,0,86.8,26.4,16,11
896,2015,9,0,47.3,17.8,10,8
897,2015,10,0,40.9,8.9,11,9
898,2015,11,0,93.9,14.1,20,17
899,2015,12,0,175.6,28.7,30,22
900,2016,1,0,117.1,30.1,21,14
901,2016,2,0,55.4,13.9,20,10
902,2016,3,0,24.8,6.2,12,7
903,2016,4,0,69.1,34.6,17,11
904,2016,5,0,45.0,11.3,12,8
905,2016,6,0,72.1,16.9,17,14
906,2016,7,0,40.7,6,17,13
907,2016,8,0,80.2,19,19,12
908,2016,9,0,76.0,14,17,14
909,2016,10,0,38.3,13.3,10,4
910,2016,11,0,38.2,12.1,12,8
911,2016,12,0,46.5,7.4,16,11
912,2017,1,0,21.6,11.6,11,4
913,2017,2,0,63.7,12.7,17,13
914,2017,3,0,76.5,17.6,20,14
915,2017,4,0,6.7,2.4,7,2
916,2017,5,0,40.0,18.1,12,7
917,2017,6,0,103.5,22.1,16,12
918,2017,7,0,47.1,9.4,11,8
919,2017,8,0,73.6,28.4,20,11
920,2017,9,0,88.2,24,19,13
921,2017,10,0,43.2,7.2,17,11
922,2017,11,0,73.9,32.5,14,11
923,2017,12,0,62.6,13.9,16,10
924,2018,1,0,88.4,19.6,22,16
925,2018,2,0,27.0,5.2,17,10
926,2018,3,0,103.8,28.8,22,18
927,2018,4,0,61.6,11.4,19,15
928,2018,5,0,14.5,4.5,10,5
929,2018,6,0,5.3,2.8,4,2
930,2018,7,0,38.9,10.8,10,6
931,2018,8,0,43.9,12.5,17,8
932,2018,9,0,43.7,17.1,15,8
933,2018,10,0,46.3,13.1,10,5
934,2018,11,0,137.1,24.3,19,16
935,2018,12,0,83.8,17.6,17,14
936,2019,1,0,21.7,5.2,15,8
937,2019,2,0,19.5,7.1,10,5
938,2019,3,0,83.4,22.5,18,13
939,2019,4,0,72.2,14.4,14,12
940,2019,5,0,36.1,11.7,13,6
941,2019,6,0,77.8,20.1,17,10
942,2019,7,0,27.1,6.5,9,8
943,2019,8,0,77.7,29,17,15
944,2019,9,0,102.0,32.5,16,12
945,2019,10,0,76.3,13.7,18,12
946,2019,11,0,176.6,23.8,21,19
947,2019,12,0,59.2,15.6,14,10
948,2020,1,0,37.2,11.5,10,8
949,2020,2,0,147.8,36.5,24,19
950,2020,3,0,27.9,8.6,12,9
951,2020,4,0,11.6,5.4,7,4
952,2020,5,0,6.6,2.6,7,2
953,2020,6,0,77.4,28.5,19,12
954,2020,7,0,103.1,14.9,20,15
955,2020,9,0,57.9,20.7,13,11
956,2020,10,0,86.8,17.2,19,15
957,2020,11,0,41.4,6.5,19,10
958,2021,1,0,108.0,18.5,21,14
959,2021,2,0,56.8,18.1,20,16
960,2021,3,0,27.9,6.4,11,7
961,2021,4,0,9.8,2.3,8,4
962,2021,5,0,94.8,18.7,20,17
963,2021,6,0,12.7,7.3,6,2
964,2021,7,0,73.2,22,11,8
965,2021,8,0,36.7,9.5,15,10
966,2021,9,0,40.1,16.2,11,8
967,2021,10,0,83.7,15.8,22,15
968,2021,11,0,10.9,3.9,9,4
969,2021,12,0,95.6,22,19,12
970,2022,1,0,13.6,4.9,11,3
971,2022,2,0,89.1,11.1,23,13
972,2022,3,0,55.6,23.4,12,5
973,2022,4,0,33.4,8.6,11,9
974,2022,5,0,55.9,11.5,15,12
975,2022,6,0,47.4,10.9,16,10
976,2022,7,0,33.0,12.7,9,7
977,2022,8,0,18.7,8.5,6,4
978,2022,9,0,129.9,50.2,17,13
979,2022,10,0,114.4,16.7,21,20
980,2022,11,0,54.8,8.6,21,15
981,2022,12,0,77.7,13.3,21,16
982,2023,1,0,34.7,5.5,20,9
983,2023,2,0,14.1,6.6,10,4
984,2023,3,0,115.7,33,26,18
985,2023,4,0,70.7,12.7,15,13
986,2023,5,0,27.4,8.4,6,6
987,2023,6,0,26.8,10,12,6
988,2023,7,0,134.0,27,24,21
989,2023,8,0,116.3,46.9,12,9
990,2023,9,0,124.3,20,16,13
991,2023,10,0,116.1,30.1,19,16
