gas age (a B1950),CH4 (ppbv)
194.417,907
349.004,784
349.382,762
351.595,710
370.178,727
386.1,696
390.08,683
473.595,679
512.812,676
536.004,651
539.237,684
539.855,681
595.43,670
644.197,644
726.456,670
731.305,668
750.701,680
865.05,667
869.81,669
917.726,680
937.734,643
1090.03,664
1099.76,647
1128.55,648
1153.26,640
1162.41,636
1245.71,635
1275.19,633
1290.83,644
1377.75,643
1382.41,629
1396.78,635
1466.72,635
1475.62,650
1625.42,631
1641.95,638
1706.12,632
1728.62,630
1798.5,610
1807.36,623
1849.46,623
1874.36,615
1889.75,623
1950.43,618
1975.33,613
2050.17,613
2126.13,605
2160.55,599
2221.64,604
2265.18,591
2265.36,594
2265.41,609
2413.79,602
2445.48,597
2501.47,595
2516.17,594
2519.09,597
2577.78,593
2607.76,604
2620.0,592
2662.58,579
2689.65,603
2693.58,590
2797.29,592
2813.25,586
2908.43,590
2914.8,580
2917.62,588
2919.34,583
2925.83,580
2934.22,578
2997.31,577
3022.36,577
3187.28,581
3240.55,573
3280.98,576
3289.47,589
3410.24,568
3520.09,581
3552.6,589
3631.16,573
3682.8,570
3689.51,560
3736.53,575
3777.5,596
3791.57,578
3832.4,578
3837.37,581
3936.36,576
4071.56,574
4094.15,578
4173.24,575
4192.85,549
4199.06,568
4252.98,576
4255.89,563
4311.46,570
4364.86,582
4478.04,577
4481.45,568
4496.18,579
4564.6,584
4578.41,570
4637.64,570
4644.29,568
4645.83,582
4646.33,562
4649.54,580
4743.9,560
4797.9,580
4842.23,560
4902.68,563
4919.49,560
4956.1,570
4971.87,563
5050.66,579
5077.64,570
5086.26,573
5086.42,568
5212.04,561
5287.46,563
5320.62,551
5348.57,553
5354.58,558
5411.78,574
5527.85,561
5529.94,564
5562.81,577
5579.43,565
5656.47,570
5730.43,566
5755.1,580
5838.99,581
5844.43,563
5879.75,568
5886.54,591
5891.51,571
5910.81,578
5918.65,570
5927.09,581
5972.39,584
5994.54,586
6061.97,575
6112.14,570
6171.22,584
6290.52,564
6295.29,602
6328.18,592
6332.36,597
6334.13,581
6345.61,597
6385.23,590
6556.27,590
6561.61,577
6573.18,583
6615.01,592
6657.33,577
6669.1,580
6674.7,581
6727.6,587
6745.76,588
6771.33,617
6801.45,602
6873.02,602
6933.87,599
6949.08,601
6956.33,595
6999.23,607
7037.81,604
7037.97,636
7038.4,603
7059.59,608
7174.82,605
7191.81,633
7224.28,607
7324.56,614
7390.65,631
7394.32,610
7486.07,612
7488.74,607
7515.75,623
7654.75,618
7666.3,618
7709.67,602
7718.48,623
7841.07,612
7847.44,602
7870.12,617
7919.44,625
7922.07,610
7946.48,617
7946.79,617
7951.42,623
7995.18,620
8054.45,619
8079.62,623
8113.0,620
8133.17,623
8156.61,618
8191.49,620
8192.77,611
8194.29,612
8240.0,614
8286.83,620
8342.08,598
8350.99,600
8352.15,612
8353.27,589
8353.5,613
8415.38,624
8456.17,660
8484.15,632
8514.81,606
8549.37,626
8573.76,633
8576.73,624
8601.0,651
8628.24,640
8676.21,642
8694.81,641
8740.59,660
8781.19,647
8781.22,649
8843.76,665
8891.09,648
8898.74,660
8965.16,654
8977.94,654
9032.33,662
9046.56,657
9125.88,671
9132.99,659
9209.58,675
9279.89,676
9285.57,658
9346.92,674
9352.77,657
9395.63,648
9425.91,671
9491.22,664
9517.16,671
9517.41,665
9519.54,664
9520.53,665
9525.94,666
9550.0,663
9565.56,675
9570.37,671
9571.73,674
9652.17,676
9777.7,675
9864.83,682
9897.8,685
9971.34,689
9978.98,683
10059.6,693
10116.5,676
10133.0,674
10178.6,670
10186.2,682
10227.4,675
10278.1,685
10343.3,678
10441.6,717
10515.5,698
10640.3,694
10670.1,678
10800.9,682
10801.6,688
10804.0,672
10825.6,661
10870.8,669
10942.1,652
11065.5,671
11077.3,666
11128.7,685
11157.9,681
11189.6,694
11194.1,673
11227.5,679
11302.8,703
11509.5,650
11516.3,633
11530.5,653
11539.6,654
11540.3,665
11547.9,643
11551.7,559
11646.9,469
11984.5,488
12002.1,468
12137.6,477
12277.5,462
12294.2,483
12421.4,462
12495.8,480
12500.7,467
12554.1,479
12786.2,542
12927.8,651
12936.8,627
13126.3,643
13386.7,610
13412.1,646
13584.3,661
13602.2,662
13711.6,670
13717.6,653
13930.7,646
14064.9,628
14154.7,625
14170.6,619
14224.3,613
14250.6,619
14254.4,623
14259.0,630
14345.3,612
14572.6,578
14583.5,597
14632.9,569
14803.3,465
14815.6,476
15113.5,461
15132.9,470
15144.4,469
15400.7,459
15634.6,470
15761.0,476
15915.8,463
15926.0,451
16039.3,452
16121.0,441
16126.6,456
16631.6,441
16675.2,438
16686.8,473
16956.9,419
17116.4,424
17140.5,427
17276.7,405
17361.8,409
17372.4,404
17594.3,408
17610.7,381
18099.6,395
18151.7,389
18453.2,371
18593.9,375
18610.6,366
18619.6,384
18872.2,366
19051.1,377
19076.8,371
19417.0,375
19566.7,371
19580.5,378
19588.7,371
19855.7,373
19865.6,379
20128.3,366
20196.6,358
20209.1,377
20395.3,356
20411.5,351
20781.9,374
21004.5,375
21428.9,384
21429.0,367
21542.0,378
21674.6,365
21789.9,354
21930.0,357
22112.8,357
22206.9,355
22775.3,407
22931.8,385
23000.0,390
23163.4,390
23386.1,390
23557.8,386
23855.2,398
24120.8,375
24333.9,360
24587.1,373
24985.4,389
25202.4,372
25726.4,370
25985.6,365
26232.5,355
26385.1,364
27090.7,396
27366.6,387
27529.9,386
27616.0,396
27767.9,406
27935.6,426
28213.5,382
28447.0,399
28518.5,402
28527.2,414
28920.3,444
29162.3,388
29343.1,368
29784.1,391
30209.9,399
30402.7,392
30868.6,410
31012.2,408
31143.6,392
31487.6,404
31663.7,412
31982.2,427
31987.1,422
31989.4,441
32009.4,457
32217.7,471
32342.5,431
32457.7,452
32503.4,409
32736.8,410
32835.2,405
33020.3,404
33121.5,415
33222.6,432
33283.6,424
33295.6,428
33323.5,440
33371.6,443
33406.5,444
33656.2,461
33907.1,479
33990.4,426
34155.6,415
34234.6,419
34456.8,420
34507.5,430
34537.7,430
34678.1,428
34708.1,447
34733.8,457
34799.6,489
35073.9,519
35080.4,520
35140.0,513
35212.4,514
35393.1,498
35462.5,492
35540.2,427
35676.1,421
35834.6,444
35947.8,426
36039.3,425
36100.7,441
36149.4,440
36252.0,441
36456.4,471
36483.2,469
36598.9,494
36713.9,524
37076.4,534
37112.1,534
37180.4,587
37223.8,536
37234.3,548
37333.3,572
37398.6,563
37429.2,580
37548.5,560
37564.3,557
37619.0,544
37630.0,547
37679.5,539
37773.9,540
37844.2,481
38091.5,526
38299.1,443
38426.0,440
38771.2,455
38901.8,441
39061.2,450
39279.3,444
39461.8,427
39620.2,419
39624.9,419
39626.8,411
39712.9,424
39736.4,422
39750.5,414
39815.3,442
39885.5,448
39898.3,440
40034.5,450
40091.6,429
40099.0,420
40385.7,413
40409.8,419
40550.2,426
40591.8,447
40605.1,422
40685.1,433
40731.8,420
40735.8,434
40750.1,433
40791.5,442
40834.8,457
40860.9,465
40867.4,462
40982.4,465
41009.3,465
41130.5,467
41396.5,458
41694.3,414
41895.0,429
42016.9,416
42110.9,415
42273.8,456
42541.3,446
42766.8,471
42824.8,470
42931.7,486
43033.7,482
43377.4,463
43432.8,437
43636.7,415
43868.6,411
44213.3,431
44317.0,427
44496.1,469
44652.8,462
44834.4,490
45081.8,467
45393.6,487
45565.3,499
46031.2,497
46202.3,514
46270.1,499
46552.8,493
46861.6,440
47053.7,432
47086.3,441
47318.4,425
47574.6,437
47955.2,453
48402.3,414
48971.7,435
49301.5,461
49704.5,464
49980.7,434
50144.3,452
50374.5,492
50610.1,470
50872.2,489
51138.9,493
51486.7,510
51753.4,515
52067.8,544
52276.8,517
52562.1,531
52738.8,527
53069.4,567
53248.5,543
53494.5,529
53738.3,530
53863.6,535
54044.5,513
54467.6,438
54574.6,438
54828.3,437
55076.9,462
55619.9,476
55822.0,514
56082.3,461
56461.1,466
56764.9,534
56779.9,483
57289.9,546
57597.7,550
57811.9,543
57843.1,554
58192.0,542
58580.7,515
58746.0,520
59079.5,561
59211.3,554
59355.4,502
59573.2,523
59879.8,454
60101.0,442
60458.5,435
60676.3,425
61034.9,443
61288.1,426
61654.2,430
61821.7,425
62097.6,412
62174.1,437
62342.5,432
62981.9,431
63338.9,439
63572.8,430
63911.2,444
64191.6,444
64593.2,468
64789.1,484
64916.1,489
65169.8,434
65806.3,440
66161.5,462
66545.9,461
66887.3,457
67401.2,476
67826.3,444
68211.2,461
68429.1,449
68815.3,459
69127.1,453
69509.4,471
69725.3,480
70011.3,451
70321.3,456
70511.3,474
70852.0,460
71144.2,462
71298.7,450
71542.7,490
71701.5,473
71906.2,470
72021.8,475
72231.4,482
72572.0,449
72782.1,431
73027.8,432
73305.7,432
73674.6,457
74107.2,453
74346.8,448
74556.2,452
74841.2,451
75069.2,461
75246.6,469
75456.3,467
75705.8,477
75863.2,461
76268.9,416
76649.4,415
76968.7,424
77363.3,438
77723.3,422
77955.9,466
78209.1,442
78492.9,442
78696.0,472
78939.1,475
79270.3,450
79520.6,463
79716.2,477
79912.2,487
80133.0,497
80341.5,512
80615.7,515
80743.0,515
80978.3,536
81152.4,563
81386.8,535
81579.0,550
81823.3,549
82019.8,548
82321.4,584
82512.7,576
82662.8,595
82815.1,571
83047.7,606
83244.2,617
83372.2,616
83601.8,622
83764.3,629
83959.6,631
84113.9,560
84366.6,515
84570.1,485
84790.4,465
84996.0,464
85248.1,445
85446.7,450
85764.9,443
86003.4,452
86273.4,454
86581.8,429
86819.2,425
87054.8,468
87348.4,429
87636.5,448
87889.1,446
88278.8,480
88576.8,507
88915.4,502
89161.9,508
89454.2,501
89693.5,494
89960.1,494
90227.3,476
90464.7,463
91025.6,445
91364.9,447
91747.8,461
91996.2,437
92307.3,432
92551.9,448
92822.8,447
93024.2,437
93278.7,437
93493.1,442
93720.7,439
94162.8,436
94421.6,442
94608.5,434
94827.2,454
95070.1,436
95330.2,453
95408.9,442
95705.5,435
95986.5,453
96169.1,464
96334.7,486
96595.7,479
96902.4,495
97147.9,501
97437.7,491
97682.2,487
97988.3,505
98247.0,506
98508.8,511
98760.1,512
98941.7,524
99110.3,526
99354.3,526
99637.0,525
99895.3,530
100170.0,530
100355.0,547
100541.0,537
100740.0,547
100925.0,538
101114.0,542
101305.0,511
101617.0,491
101824.0,509
102044.0,472
102316.0,470
102616.0,498
102995.0,515
103403.0,559
103676.0,573
103970.0,581
104320.0,602
104655.0,596
104964.0,572
105195.0,618
105496.0,601
105774.0,595
105980.0,591
106114.0,483
106341.0,445
106670.0,460
106972.0,464
107268.0,475
107648.0,486
108036.0,508
108398.0,495
108770.0,509
109091.0,502
109506.0,505
109837.0,492
110119.0,496
110499.0,473
110861.0,474
111195.0,456
111503.0,455
111829.0,464
112188.0,467
112654.0,451
112901.0,471
113165.0,471
113730.0,473
114020.0,474
114303.0,472
114606.0,501
114861.0,496
115158.0,501
115435.0,495
115672.0,504
115973.0,528
116317.0,544
116492.0,533
116666.0,546
117188.0,548
117405.0,545
117625.0,579
117879.0,565
118161.0,578
118432.0,579
118698.0,591
118845.0,567
119050.0,571
119289.0,566
119521.0,576
119763.0,568
119987.0,591
120183.0,613
120374.0,598
120583.0,601
120821.0,613
121016.0,610
121223.0,603
121467.0,609
121676.0,607
121883.0,608
122112.0,599
122338.0,607
122608.0,607
122798.0,608
123016.0,615
123241.0,616
123463.0,611
123665.0,614
123815.0,621
124003.0,622
124295.0,632
124431.0,627
124625.0,642
124860.0,642
125115.0,647
125327.0,656
125566.0,658
125809.0,650
126059.0,660
126308.0,640
126532.0,651
126740.0,650
126889.0,646
127079.0,670
127304.0,677
127505.0,681
127541.0,679
127661.0,692
127830.0,706
128027.0,715
128173.0,704
128315.0,722
128509.0,726
128708.0,644
128880.0,535
129080.0,537
129255.0,552
129439.0,551
129661.0,531
129847.0,515
130034.0,512
130246.0,499
130415.0,521
130634.0,518
130861.0,487
131107.0,493
131369.0,494
131697.0,479
132041.0,456
132367.0,461
132660.0,462
132999.0,460
133361.0,449
133722.0,506
134077.0,428
134520.0,436
134974.0,415
135391.0,404
135916.0,382
136604.0,409
137073.0,375
137783.0,395
138123.0,395
138822.0,406
139278.0,368
139933.0,432
140531.0,358
141097.0,342
141688.0,349
142326.0,359
142959.0,368
143676.0,375
144193.0,385
144762.0,401
145396.0,401
146028.0,375
146647.0,391
147370.0,402
147707.0,410
148340.0,421
148901.0,423
149411.0,471
149925.0,428
150615.0,433
151012.0,441
151437.0,404
152022.0,400
152582.0,432
153149.0,422
153793.0,426
154233.0,413
154881.0,402
155521.0,403
156212.0,393
156888.0,385
157526.0,407
158222.0,399
158872.0,422
159460.0,400
159958.0,410
160558.0,407
160835.0,440
161359.0,407
162003.0,415
162647.0,410
163415.0,424
163739.0,413
164159.0,442
164737.0,411
165360.0,417
166176.0,393
166967.0,384
167605.0,424
168267.0,433
168957.0,449
169617.0,479
170117.0,495
170681.0,496
171220.0,445
171916.0,478
172554.0,442
173311.0,448
174065.0,484
174709.0,480
175829.0,433
176776.0,456
177357.0,427
177966.0,457
178527.0,471
179175.0,466
179864.0,499
180380.0,547
180711.0,550
181260.0,542
181852.0,479
182381.0,483
183105.0,452
183627.0,490
184352.0,496
184859.0,496
185487.0,528
186102.0,530
186902.0,532
187393.0,514
188036.0,476
188588.0,459
189133.0,447
189659.0,437
189988.0,446
190337.0,462
190951.0,425
191547.0,423
192145.0,432
192785.0,470
193564.0,471
193979.0,496
194339.0,512
194987.0,503
195614.0,493
196313.0,472
196886.0,488
197394.0,530
197886.0,534
198386.0,548
198929.0,564
199374.0,589
199823.0,579
200244.0,598
200717.0,609
201132.0,668
201577.0,627
202579.0,539
202954.0,530
203478.0,539
203861.0,541
204458.0,466
205050.0,489
205698.0,436
206272.0,493
206815.0,462
207288.0,488
207724.0,490
208231.0,506
208701.0,487
209181.0,499
209671.0,513
210094.0,504
210650.0,515
210993.0,511
211417.0,532
211871.0,548
212255.0,565
212650.0,558
213113.0,579
213542.0,593
213997.0,577
214454.0,583
214922.0,586
215334.0,573
215818.0,574
216226.0,591
216707.0,561
217104.0,569
217505.0,506
218009.0,457
218543.0,480
219104.0,454
219357.0,443
219595.0,452
219815.0,445
219963.0,453
220368.0,460
220650.0,495
220892.0,461
221124.0,469
221355.0,489
221625.0,508
221918.0,538
222226.0,477
222529.0,484
222840.0,491
223169.0,488
223509.0,501
223857.0,495
224271.0,504
224553.0,528
224869.0,519
225257.0,543
225619.0,489
225952.0,464
226198.0,504
226598.0,476
226879.0,496
227039.0,516
227743.0,556
228027.0,532
228291.0,547
228480.0,547
228952.0,503
229327.0,504
229764.0,491
230138.0,517
230499.0,490
230848.0,471
231092.0,473
231222.0,464
231472.0,474
231851.0,506
232273.0,456
232681.0,417
232972.0,429
233129.0,431
233489.0,429
233729.0,433
234003.0,440
234315.0,434
234601.0,419
234871.0,429
235113.0,457
235355.0,430
235603.0,426
235871.0,433
236127.0,453
236348.0,519
236466.0,462
236781.0,478
237020.0,499
237267.0,508
237419.0,481
237675.0,512
237909.0,518
238126.0,529
238237.0,554
238360.0,543
238614.0,545
238726.0,548
239046.0,539
239165.0,565
239275.0,557
239395.0,554
239609.0,566
239702.0,550
239922.0,549
240030.0,588
240131.0,549
240235.0,559
240347.0,565
240464.0,579
240573.0,564
240790.0,566
240902.0,577
241001.0,562
241201.0,594
241284.0,597
241355.0,592
241525.0,601
241625.0,606
241718.0,599
241906.0,609
242003.0,616
242081.0,616
242241.0,611
242321.0,627
242396.0,623
242545.0,641
242619.0,661
242838.0,648
242916.0,667
242962.0,653
243058.0,673
243129.0,696
243196.0,680
243337.0,594
243412.0,523
243482.0,539
243632.0,521
243710.0,515
243790.0,519
243958.0,525
244042.0,542
244492.0,538
244577.0,558
244829.0,546
245025.0,541
245292.0,528
245573.0,528
245866.0,523
246141.0,519
246423.0,502
246579.0,503
247042.0,494
247390.0,475
247761.0,486
248187.0,513
248605.0,508
248825.0,545
249266.0,525
249539.0,525
249699.0,540
250159.0,473
250532.0,466
250964.0,408
251406.0,410
251869.0,413
252356.0,408
252760.0,432
254062.0,401
254533.0,395
254986.0,396
255390.0,401
255777.0,398
256149.0,426
256336.0,427
256851.0,420
257275.0,405
257670.0,442
258089.0,422
258534.0,448
258890.0,475
259262.0,466
259652.0,483
260208.0,465
260512.0,450
261237.0,493
261707.0,510
262188.0,496
262667.0,430
263118.0,473
263531.0,451
263918.0,434
264282.0,456
264615.0,452
264917.0,424
265299.0,443
265636.0,480
265921.0,482
266207.0,509
266474.0,462
266722.0,414
267094.0,417
267465.0,398
267833.0,415
268218.0,412
268621.0,422
269042.0,417
269478.0,384
269877.0,425
270236.0,414
270649.0,418
271045.0,454
271423.0,423
271840.0,454
272067.0,439
272665.0,460
273049.0,441
273471.0,458
273935.0,453
274163.0,445
274767.0,470
274990.0,451
275576.0,483
275976.0,467
276374.0,463
276742.0,475
277117.0,455
277503.0,479
277851.0,504
278245.0,467
278689.0,452
279061.0,480
279262.0,466
279771.0,428
280005.0,438
280575.0,420
280985.0,463
281266.0,455
281419.0,473
281863.0,462
282328.0,448
282751.0,457
283143.0,468
283472.0,425
283805.0,453
284143.0,471
284452.0,499
284804.0,509
285155.0,465
285483.0,477
285828.0,457
286192.0,470
286501.0,486
286814.0,495
287133.0,500
287465.0,507
287798.0,520
288132.0,529
288423.0,514
288725.0,521
289039.0,511
289375.0,532
289709.0,530
290025.0,531
290310.0,547
290580.0,524
291562.0,454
291964.0,459
292339.0,448
292721.0,453
293145.0,444
293358.0,454
293995.0,482
294236.0,521
294857.0,489
295062.0,501
295697.0,552
295857.0,564
296310.0,587
296469.0,524
297110.0,488
297366.0,505
298101.0,467
298308.0,491
298875.0,519
299057.0,518
299604.0,496
299962.0,518
300136.0,520
300747.0,459
300981.0,487
301757.0,453
301960.0,453
302522.0,456
302709.0,462
303242.0,466
303428.0,477
303977.0,491
304172.0,490
304711.0,498
304886.0,505
305450.0,451
305659.0,449
306362.0,459
306660.0,485
307426.0,459
307668.0,466
308312.0,478
308539.0,509
309294.0,467
309568.0,460
310335.0,461
310591.0,493
311279.0,470
311511.0,517
312176.0,515
312435.0,516
313172.0,522
313424.0,540
314118.0,548
314356.0,568
315028.0,553
315253.0,634
315881.0,618
316090.0,606
316659.0,598
316853.0,635
317395.0,607
317595.0,515
318173.0,465
318380.0,459
318988.0,445
319205.0,480
319952.0,481
320217.0,479
320953.0,478
321196.0,480
321820.0,498
322026.0,503
322582.0,521
322768.0,529
323294.0,519
323476.0,528
323983.0,519
324158.0,533
324646.0,544
324809.0,557
325272.0,593
325434.0,568
325889.0,580
326069.0,590
326549.0,612
326708.0,617
327152.0,626
327298.0,644
327716.0,633
327862.0,635
328308.0,611
328474.0,634
328929.0,644
329085.0,654
329520.0,642
329670.0,662
330108.0,657
330851.0,669
331293.0,636
331445.0,658
331783.0,643
331894.0,663
332228.0,621
332356.0,637
332791.0,615
332955.0,637
333411.0,636
333563.0,649
333927.0,673
334168.0,721
334275.0,726
334574.0,738
334693.0,776
334986.0,798
335100.0,797
335388.0,599
335601.0,590
335802.0,604
335918.0,607
336223.0,631
336345.0,652
336683.0,581
336824.0,597
337212.0,570
337380.0,566
337851.0,537
338043.0,531
338597.0,496
338821.0,504
339450.0,486
339682.0,486
340392.0,453
340867.0,445
340912.0,445
341457.0,465
341768.0,460
342713.0,449
343082.0,439
344170.0,395
344557.0,394
345587.0,370
346191.0,366
346814.0,375
347119.0,368
347944.0,374
348247.0,389
349098.0,391
349665.0,417
350225.0,403
350511.0,421
351326.0,459
351610.0,407
352453.0,392
352764.0,402
353651.0,414
353958.0,403
354774.0,397
355287.0,405
355809.0,395
356389.0,406
357019.0,403
357700.0,404
358393.0,420
359088.0,435
359805.0,431
360493.0,417
361173.0,418
361842.0,456
362510.0,415
363162.0,420
363798.0,466
364419.0,433
365009.0,487
365580.0,413
366133.0,449
366687.0,416
367243.0,460
367785.0,416
368329.0,403
368874.0,460
369495.0,422
370123.0,422
370757.0,444
371370.0,518
371971.0,508
372560.0,491
373116.0,502
373669.0,523
374220.0,540
374837.0,451
375475.0,445
376134.0,426
376736.0,426
377318.0,433
377879.0,445
378438.0,442
380063.0,494
380588.0,485
381116.0,548
381647.0,544
382172.0,548
382692.0,601
383248.0,587
383794.0,482
384378.0,536
384953.0,561
385488.0,553
386008.0,577
386493.0,594
386985.0,637
387485.0,531
388131.0,463
388816.0,452
389539.0,472
390196.0,568
390819.0,525
391409.0,506
391961.0,488
392554.0,489
393108.0,498
393622.0,485
394115.0,562
394587.0,550
395005.0,594
395406.0,585
395794.0,603
396254.0,594
396690.0,602
397118.0,590
397542.0,605
397960.0,600
398362.0,612
398796.0,608
399211.0,593
399618.0,580
400011.0,607
400416.0,607
400790.0,662
401168.0,628
401527.0,627
401875.0,633
402224.0,646
402581.0,642
402946.0,640
403306.0,653
403666.0,681
404027.0,664
404402.0,674
404777.0,661
405151.0,663
405517.0,659
405885.0,700
406240.0,708
406631.0,672
407002.0,691
407369.0,736
407744.0,710
408127.0,681
408519.0,695
408912.0,711
409284.0,714
409690.0,699
410121.0,710
410559.0,713
411006.0,701
411453.0,694
411918.0,700
412390.0,712
412889.0,659
413359.0,656
413852.0,690
414288.0,696
414804.0,677
415296.0,638
415799.0,639
416014.0,620
416273.0,623
416490.0,630
416800.0,633
417324.0,634
417510.0,671
417839.0,647
418028.0,668
418358.0,635
418575.0,658
418901.0,660
419197.0,655
419702.0,665
420005.0,687
420211.0,674
420573.0,695
420789.0,678
421143.0,699
421769.0,703
421998.0,684
422400.0,689
422618.0,672
423046.0,689
423687.0,660
424062.0,649
424597.0,622
424989.0,598
425215.0,604
425594.0,618
425829.0,605
425947.0,584
426172.0,498
426243.0,503
426684.0,508
427252.0,457
427709.0,463
428059.0,459
428630.0,465
428966.0,412
429604.0,418
430724.0,472
431206.0,406
432057.0,382
432374.0,380
433489.0,385
434073.0,394
435020.0,389
436577.0,392
438145.0,381
439723.0,381
441308.0,385
442899.0,395
443946.0,392
445906.0,405
446656.0,400
447907.0,438
449062.0,439
449531.0,439
450160.0,491
450593.0,427
451244.0,409
451678.0,452
452391.0,474
452708.0,506
453281.0,427
454369.0,389
455484.0,381
456632.0,384
457706.0,403
458757.0,426
459184.0,486
459778.0,468
460223.0,434
460831.0,412
461905.0,408
463025.0,398
464107.0,409
464570.0,424
465156.0,521
465574.0,463
466148.0,491
467242.0,448
468340.0,442
469533.0,491
469987.0,491
470683.0,430
471786.0,443
472832.0,482
473706.0,482
474569.0,440
475446.0,456
476480.0,475
477500.0,504
478479.0,517
479371.0,528
480294.0,496
481254.0,531
481638.0,504
482163.0,492
483023.0,504
483826.0,507
484596.0,516
485339.0,544
486076.0,543
486800.0,569
487528.0,583
488233.0,583
488970.0,615
489693.0,624
490417.0,588
491121.0,558
491822.0,584
492532.0,534
493268.0,501
493982.0,500
494696.0,517
495404.0,496
496124.0,514
496837.0,522
497609.0,516
498387.0,506
499180.0,509
499951.0,499
500726.0,496
501498.0,512
502310.0,522
503060.0,517
503834.0,515
504589.0,549
505340.0,566
506107.0,524
506936.0,579
507752.0,601
508565.0,573
509401.0,582
510258.0,557
511125.0,533
511985.0,520
512823.0,495
513663.0,487
514477.0,486
515293.0,488
516088.0,496
516822.0,507
517568.0,519
517856.0,483
518276.0,477
518580.0,501
518998.0,508
519735.0,507
520479.0,512
521239.0,499
523469.0,524
524231.0,522
524987.0,535
525757.0,516
526537.0,534
527335.0,518
528145.0,534
529000.0,538
529889.0,541
530799.0,529
531680.0,518
532055.0,520
532559.0,464
533503.0,441
534547.0,450
535653.0,420
536809.0,422
537933.0,458
539037.0,449
540126.0,490
541167.0,497
541624.0,467
542238.0,448
542710.0,415
543353.0,400
544414.0,391
545451.0,408
546399.0,405
547371.0,427
548339.0,418
549288.0,409
550191.0,390
551082.0,434
551779.0,456
552424.0,472
552990.0,477
553558.0,491
553794.0,443
554173.0,431
554847.0,471
555531.0,501
556157.0,519
556712.0,557
557177.0,578
557636.0,575
558137.0,531
558566.0,496
559075.0,443
559616.0,443
560185.0,468
560721.0,492
561252.0,501
561690.0,516
561876.0,511
562299.0,464
562734.0,484
562949.0,486
563354.0,497
563757.0,495
564137.0,532
564536.0,529
564950.0,554
565358.0,550
565734.0,579
566089.0,581
566435.0,589
566771.0,577
567097.0,627
567418.0,618
567734.0,626
568070.0,620
568389.0,603
568750.0,615
569147.0,613
569519.0,589
569895.0,590
570282.0,589
570680.0,588
571083.0,580
571478.0,597
571819.0,594
572169.0,610
572505.0,604
572880.0,614
573282.0,612
573707.0,613
574163.0,598
574609.0,620
575045.0,605
575463.0,600
575907.0,581
576363.0,589
576879.0,584
577408.0,597
577952.0,579
578493.0,602
579035.0,602
579573.0,618
580147.0,609
580385.0,521
580790.0,505
581514.0,484
582422.0,488
583454.0,482
586681.0,470
587766.0,451
588902.0,468
590004.0,480
590534.0,428
592258.0,483
593499.0,510
594818.0,539
595397.0,463
596172.0,448
597639.0,465
598284.0,496
599166.0,544
600613.0,534
601987.0,542
603343.0,526
604685.0,503
606042.0,533
607400.0,538
608680.0,578
609210.0,577
609891.0,583
611071.0,593
612231.0,620
613414.0,601
614586.0,620
615801.0,617
617055.0,611
618358.0,604
619676.0,602
621027.0,609
621611.0,627
622423.0,661
623013.0,618
623852.0,572
624454.0,573
625338.0,478
626002.0,474
626900.0,386
628936.0,356
631255.0,376
633773.0,361
636429.0,373
639159.0,373
641829.0,369
642789.0,386
644103.0,429
646296.0,429
648548.0,426
650161.0,414
651904.0,409
653665.0,397
655359.0,414
656052.0,398
657012.0,344
658588.0,359
660392.0,402
662120.0,384
663787.0,414
665752.0,376
666692.0,374
667329.0,365
668280.0,385
668771.0,390
669676.0,396
671034.0,489
671118.0,483
671392.0,439
672091.0,462
672677.0,471
673556.0,529
674142.0,512
674881.0,562
675307.0,564
676041.0,554
676460.0,551
677112.0,536
677540.0,455
678219.0,466
678676.0,464
679365.0,491
679681.0,495
680227.0,494
680481.0,500
680576.0,544
681190.0,460
681610.0,446
682240.0,466
682655.0,490
683338.0,482
683734.0,486
684335.0,505
684631.0,523
684707.0,543
685264.0,494
685626.0,498
686168.0,499
686530.0,504
687058.0,520
687973.0,508
688223.0,514
688770.0,521
689113.0,523
689905.0,538
690394.0,529
690671.0,527
691147.0,538
691431.0,542
691940.0,557
692269.0,540
692761.0,555
693059.0,549
693497.0,561
694211.0,584
694490.0,568
694925.0,570
695219.0,557
695660.0,596
695948.0,602
696364.0,590
697021.0,615
697302.0,629
697723.0,639
698004.0,635
698428.0,652
698705.0,632
699141.0,647
699383.0,643
699800.0,645
700066.0,624
700773.0,604
701199.0,605
701426.0,588
702228.0,604
702660.0,594
702973.0,566
703442.0,581
703755.0,578
704224.0,595
704537.0,571
704977.0,584
705313.0,594
705703.0,605
706010.0,582
706469.0,593
706713.0,588
707266.0,602
707597.0,585
708094.0,610
708414.0,610
709004.0,519
709357.0,505
709951.0,512
710352.0,521
710953.0,611
711050.0,568
711343.0,556
711929.0,591
712382.0,573
712940.0,588
713424.0,597
714014.0,593
714389.0,577
715079.0,570
715494.0,531
716173.0,435
716693.0,399
717300.0,403
717873.0,392
718734.0,408
719372.0,401
720047.0,491
720528.0,515
721249.0,566
721804.0,560
722458.0,581
722893.0,478
723689.0,561
724262.0,504
724938.0,541
725384.0,531
726136.0,559
726528.0,530
727343.0,551
727829.0,545
728558.0,538
729099.0,512
729800.0,537
730161.0,521
730812.0,525
731280.0,530
731824.0,519
732264.0,520
732924.0,531
733434.0,518
733990.0,541
734403.0,546
735024.0,561
735510.0,542
736072.0,508
736435.0,423
737244.0,407
737841.0,408
738534.0,403
739097.0,411
739942.0,414
740595.0,388
741286.0,409
741800.0,402
742572.0,422
743193.0,439
743911.0,422
744446.0,421
745243.0,432
745858.0,415
746569.0,428
747101.0,402
747898.0,405
748515.0,392
749222.0,409
749737.0,378
750541.0,400
751185.0,408
751930.0,428
752486.0,401
753441.0,431
755067.0,410
755505.0,406
756357.0,429
757015.0,445
757743.0,419
758285.0,439
758519.0,473
758765.0,480
759096.0,505
759683.0,498
759821.0,498
760051.0,486
760476.0,421
760868.0,434
761679.0,462
762250.0,454
763207.0,473
763680.0,474
764628.0,521
765345.0,538
765759.0,556
766143.0,549
766567.0,563
766726.0,518
767110.0,535
767269.0,500
767599.0,470
767932.0,462
768252.0,467
769007.0,519
769532.0,486
770522.0,568
771270.0,570
771578.0,587
771740.0,616
772132.0,622
772348.0,630
772653.0,632
772958.0,647
773212.0,639
773529.0,556
773809.0,543
773999.0,539
774177.0,530
774916.0,566
775466.0,549
776291.0,583
776910.0,577
777640.0,618
778162.0,601
778912.0,658
779486.0,681
780149.0,614
780646.0,598
781419.0,616
782007.0,630
782787.0,633
783105.0,623
783891.0,639
784388.0,618
784998.0,653
785454.0,639
786153.0,686
786695.0,677
787269.0,723
787320.0,739
787425.0,699
787712.0,713
788372.0,659
788822.0,589
789454.0,562
789898.0,543
790569.0,540
791223.0,483
791978.0,503
792542.0,466
793474.0,470
794205.0,451
795053.0,420
795454.0,428
796799.0,418
797541.0,396
798593.0,458
799472.0,399
